FileID,top_1,result
277,277,1
277,277,1
277,277,1
277,277,1
277,277,1
277,277,1
277,277,1
277,277,1
277,277,1
277,284,0
277,287,0
277,277,1
277,277,1
277,277,1
277,277,1
277,277,1
277,277,1
277,284,0
277,277,1
277,277,1
277,277,1
277,277,1
277,277,1
277,277,1
277,277,1
277,277,1
277,277,1
277,277,1
277,277,1
277,277,1
277,277,1
277,277,1
277,277,1
277,277,1
277,284,0
277,277,1
277,277,1
277,277,1
277,277,1
277,277,1
277,277,1
277,277,1
277,277,1
277,277,1
277,277,1
277,277,1
277,277,1
277,277,1
277,277,1
277,277,1
277,277,1
277,277,1
277,277,1
277,277,1
277,277,1
277,277,1
277,277,1
277,277,1
277,277,1
277,277,1
277,277,1
277,284,0
277,277,1
277,277,1
277,277,1
277,277,1
277,277,1
277,277,1
277,277,1
277,277,1
277,277,1
277,277,1
277,277,1
277,277,1
277,277,1
277,277,1
277,277,1
277,277,1
277,277,1
277,277,1
277,277,1
277,277,1
277,277,1
277,277,1
277,277,1
277,277,1
277,277,1
277,277,1
277,277,1
277,277,1
277,277,1
277,277,1
277,277,1
277,277,1
277,277,1
277,277,1
277,277,1
277,277,1
277,277,1
277,277,1
277,277,1
277,277,1
277,277,1
277,277,1
277,277,1
277,277,1
277,277,1
277,277,1
277,277,1
277,277,1
277,277,1
277,277,1
277,277,1
277,277,1
277,277,1
277,277,1
277,277,1
277,277,1
277,277,1
277,277,1
277,277,1
277,277,1
277,277,1
277,277,1
277,277,1
277,277,1
277,277,1
277,277,1
277,277,1
277,277,1
277,277,1
277,277,1
277,277,1
277,277,1
277,277,1
277,274,0
277,277,1
277,277,1
277,277,1
277,277,1
277,277,1
277,277,1
277,277,1
277,277,1
277,277,1
277,277,1
277,277,1
277,277,1
277,277,1
277,277,1
277,277,1
277,284,0
277,277,1
277,277,1
277,277,1
277,277,1
277,277,1
277,277,1
277,277,1
277,277,1
277,277,1
277,277,1
277,277,1
277,277,1
277,277,1
277,277,1
277,277,1
277,277,1
277,277,1
277,277,1
277,277,1
277,277,1
277,277,1
277,277,1
277,277,1
277,277,1
277,277,1
277,277,1
277,277,1
277,277,1
277,277,1
277,277,1
277,277,1
277,277,1
277,277,1
277,277,1
277,277,1
277,277,1
277,277,1
277,277,1
277,277,1
277,274,0
277,277,1
277,277,1
277,277,1
277,277,1
277,277,1
277,277,1
277,277,1
277,277,1
277,277,1
277,277,1
277,277,1
277,277,1
277,277,1
277,277,1
277,277,1
277,277,1
277,277,1
277,277,1
277,277,1
277,277,1
277,277,1
277,277,1
277,277,1
277,277,1
277,277,1
277,277,1
277,277,1
277,277,1
277,277,1
277,277,1
277,277,1
277,277,1
277,277,1
277,277,1
277,277,1
277,277,1
277,277,1
277,277,1
277,274,0
277,277,1
277,277,1
277,277,1
277,277,1
277,277,1
277,277,1
277,277,1
277,277,1
277,277,1
277,277,1
277,277,1
277,277,1
277,277,1
277,277,1
277,277,1
277,277,1
277,277,1
277,284,0
277,277,1
277,277,1
277,277,1
277,277,1
277,277,1
277,277,1
277,277,1
277,277,1
277,277,1
277,277,1
277,277,1
277,277,1
277,277,1
277,277,1
277,277,1
277,277,1
277,277,1
277,277,1
277,277,1
277,277,1
277,277,1
277,277,1
277,277,1
277,277,1
277,277,1
277,277,1
277,277,1
277,277,1
277,277,1
277,277,1
277,277,1
277,284,0
277,277,1
277,277,1
277,277,1
277,277,1
277,277,1
277,277,1
277,277,1
277,277,1
277,277,1
277,277,1
277,277,1
277,277,1
277,277,1
277,277,1
277,277,1
277,277,1
277,277,1
277,277,1
277,277,1
277,277,1
277,277,1
277,277,1
277,277,1
277,277,1
277,277,1
277,277,1
277,277,1
277,274,0
277,277,1
277,277,1
277,277,1
277,277,1
277,277,1
277,277,1
277,277,1
277,277,1
277,277,1
277,277,1
277,274,0
277,277,1
277,277,1
277,277,1
277,277,1
277,277,1
277,274,0
277,277,1
277,277,1
277,277,1
277,277,1
277,277,1
277,277,1
277,277,1
277,277,1
277,277,1
277,277,1
277,277,1
277,277,1
277,277,1
277,277,1
277,277,1
277,277,1
277,277,1
277,277,1
277,277,1
277,277,1
277,277,1
277,277,1
277,277,1
277,277,1
277,277,1
277,277,1
277,277,1
277,277,1
277,277,1
277,277,1
277,277,1
277,277,1
277,277,1
277,277,1
277,277,1
277,277,1
277,277,1
277,277,1
277,277,1
277,277,1
277,277,1
277,277,1
277,277,1
277,277,1
277,277,1
277,277,1
277,277,1
277,277,1
277,277,1
277,277,1
277,277,1
277,277,1
277,277,1
277,277,1
277,277,1
277,277,1
277,277,1
277,277,1
277,277,1
277,274,0
277,277,1
277,277,1
277,277,1
277,277,1
277,277,1
277,277,1
277,277,1
277,277,1
277,277,1
277,277,1
277,277,1
277,277,1
277,277,1
277,284,0
277,277,1
277,277,1
277,277,1
277,277,1
277,277,1
277,277,1
277,277,1
277,277,1
277,277,1
277,277,1
277,277,1
277,277,1
277,277,1
277,277,1
277,277,1
277,277,1
277,277,1
277,277,1
277,277,1
277,277,1
277,284,0
277,277,1
277,277,1
277,277,1
277,277,1
277,277,1
277,277,1
277,277,1
277,277,1
277,277,1
277,277,1
277,277,1
277,277,1
277,277,1
277,277,1
277,277,1
277,277,1
277,277,1
277,277,1
277,277,1
277,277,1
277,277,1
277,277,1
277,277,1
277,277,1
277,277,1
277,277,1
277,277,1
277,277,1
277,277,1
277,277,1
277,277,1
277,277,1
277,277,1
277,277,1
277,277,1
277,277,1
277,277,1
277,277,1
277,277,1
277,277,1
277,277,1
277,277,1
277,277,1
277,277,1
277,277,1
277,277,1
277,277,1
277,277,1
277,277,1
277,277,1
277,277,1
277,277,1
277,277,1
277,277,1
277,277,1
277,277,1
277,277,1
277,277,1
277,277,1
277,277,1
277,277,1
277,277,1
277,277,1
277,277,1
277,277,1
277,277,1
277,277,1
277,277,1
277,277,1
277,277,1
277,277,1
277,277,1
277,277,1
277,277,1
277,277,1
277,277,1
277,277,1
277,277,1
277,277,1
277,277,1
277,277,1
277,277,1
277,277,1
277,277,1
277,277,1
277,277,1
277,277,1
277,277,1
277,277,1
277,277,1
277,277,1
277,277,1
277,277,1
277,277,1
277,277,1
277,277,1
277,277,1
277,277,1
277,277,1
277,277,1
277,277,1
277,277,1
277,277,1
277,277,1
277,277,1
277,277,1
277,277,1
277,277,1
277,277,1
277,277,1
277,277,1
277,277,1
277,277,1
277,277,1
277,277,1
277,277,1
277,277,1
277,277,1
277,277,1
277,277,1
277,277,1
277,277,1
277,277,1
277,277,1
277,277,1
277,277,1
277,277,1
277,277,1
277,277,1
277,277,1
277,277,1
277,277,1
277,277,1
277,277,1
277,277,1
277,277,1
277,277,1
277,277,1
277,277,1
277,277,1
277,277,1
277,277,1
277,277,1
277,277,1
277,277,1
277,277,1
277,277,1
277,277,1
277,277,1
277,277,1
277,277,1
277,277,1
277,277,1
277,277,1
277,277,1
277,277,1
277,277,1
277,277,1
277,274,0
277,277,1
277,277,1
277,277,1
277,274,0
277,277,1
277,277,1
277,277,1
277,277,1
277,277,1
277,277,1
277,277,1
277,277,1
277,277,1
277,277,1
277,277,1
277,277,1
277,277,1
277,277,1
277,277,1
277,277,1
277,277,1
277,277,1
277,277,1
277,277,1
277,277,1
277,277,1
277,277,1
277,277,1
277,277,1
277,277,1
277,277,1
277,277,1
277,277,1
277,277,1
277,277,1
277,277,1
277,277,1
277,277,1
277,277,1
277,274,0
277,277,1
277,277,1
277,277,1
277,277,1
277,277,1
277,277,1
277,277,1
277,277,1
277,277,1
277,277,1
277,277,1
277,277,1
277,277,1
277,277,1
277,277,1
277,277,1
277,277,1
277,284,0
277,277,1
277,277,1
277,277,1
277,277,1
277,277,1
277,277,1
277,277,1
277,277,1
277,277,1
277,277,1
277,277,1
277,277,1
277,277,1
277,277,1
277,277,1
277,277,1
277,277,1
277,277,1
277,277,1
277,287,0
277,277,1
277,277,1
277,277,1
277,277,1
277,277,1
277,277,1
277,277,1
277,277,1
277,277,1
277,277,1
277,277,1
277,277,1
277,277,1
277,277,1
277,277,1
277,277,1
277,277,1
277,277,1
277,277,1
277,277,1
277,277,1
277,277,1
277,284,0
277,277,1
277,277,1
277,277,1
277,277,1
277,277,1
277,277,1
277,277,1
277,277,1
277,277,1
277,277,1
277,277,1
277,274,0
277,277,1
277,277,1
277,277,1
277,277,1
277,284,0
277,277,1
277,277,1
277,277,1
277,277,1
277,277,1
277,277,1
277,277,1
277,277,1
277,277,1
277,277,1
277,277,1
277,277,1
277,277,1
277,277,1
277,277,1
277,277,1
277,277,1
277,277,1
277,277,1
277,277,1
277,277,1
277,277,1
277,277,1
277,277,1
277,277,1
277,277,1
277,277,1
277,277,1
277,277,1
277,277,1
277,277,1
277,277,1
277,277,1
277,277,1
277,277,1
277,277,1
277,277,1
277,277,1
277,277,1
277,277,1
277,277,1
277,277,1
277,277,1
277,277,1
277,277,1
277,277,1
277,277,1
277,274,0
277,277,1
277,277,1
277,277,1
277,277,1
277,277,1
277,277,1
277,277,1
277,277,1
277,277,1
277,277,1
277,277,1
277,277,1
277,277,1
277,277,1
277,277,1
277,277,1
277,277,1
277,277,1
277,277,1
277,277,1
277,277,1
277,277,1
277,277,1
277,277,1
277,277,1
277,277,1
277,277,1
277,277,1
277,277,1
277,277,1
277,277,1
277,277,1
277,277,1
277,277,1
277,277,1
277,277,1
277,277,1
277,277,1
277,277,1
277,277,1
277,277,1
277,277,1
277,277,1
277,277,1
277,284,0
277,277,1
277,277,1
277,277,1
277,277,1
277,277,1
277,277,1
277,277,1
277,277,1
277,277,1
277,277,1
277,277,1
277,277,1
277,277,1
277,277,1
277,277,1
277,277,1
277,277,1
277,277,1
277,274,0
277,277,1
277,277,1
277,277,1
277,277,1
277,277,1
277,277,1
277,277,1
277,277,1
277,277,1
277,277,1
277,277,1
277,277,1
277,277,1
277,277,1
277,277,1
277,277,1
277,277,1
277,277,1
277,277,1
277,287,0
277,277,1
277,277,1
277,277,1
277,277,1
277,277,1
277,277,1
277,277,1
277,277,1
277,277,1
277,277,1
277,277,1
277,277,1
277,277,1
277,277,1
277,277,1
277,277,1
277,277,1
277,277,1
277,277,1
277,277,1
277,277,1
277,277,1
277,277,1
277,277,1
277,277,1
277,277,1
277,277,1
277,277,1
277,277,1
277,287,0
277,277,1
277,277,1
277,277,1
277,277,1
277,277,1
277,277,1
277,277,1
277,277,1
277,277,1
277,277,1
277,277,1
277,277,1
277,277,1
277,277,1
277,277,1
277,277,1
277,277,1
277,277,1
277,277,1
277,277,1
277,277,1
277,277,1
277,277,1
277,277,1
277,277,1
277,277,1
277,277,1
277,277,1
277,277,1
277,277,1
277,277,1
277,277,1
277,277,1
277,277,1
277,277,1
277,287,0
277,277,1
277,277,1
277,277,1
277,277,1
277,277,1
277,277,1
277,277,1
277,277,1
277,277,1
277,277,1
277,277,1
277,277,1
277,277,1
277,277,1
277,277,1
277,277,1
277,277,1
277,277,1
277,277,1
277,277,1
277,277,1
277,277,1
277,277,1
277,277,1
277,277,1
277,277,1
277,277,1
277,277,1
277,277,1
277,277,1
277,277,1
277,277,1
277,277,1
277,277,1
277,277,1
277,274,0
277,277,1
277,277,1
277,277,1
277,277,1
277,277,1
277,277,1
277,284,0
277,277,1
277,284,0
277,284,0
277,277,1
277,277,1
277,277,1
277,277,1
277,277,1
277,277,1
277,277,1
277,277,1
277,277,1
277,277,1
277,277,1
277,277,1
277,277,1
277,277,1
277,277,1
277,277,1
277,277,1
277,277,1
277,277,1
277,277,1
277,277,1
277,274,0
277,277,1
277,277,1
277,277,1
277,277,1
277,277,1
277,277,1
277,277,1
277,277,1
277,277,1
277,277,1
277,277,1
277,277,1
277,277,1
277,277,1
277,277,1
277,277,1
277,277,1
277,277,1
277,277,1
277,277,1
277,277,1
277,277,1
277,277,1
277,277,1
277,277,1
277,277,1
277,277,1
277,277,1
277,277,1
277,277,1
277,277,1
277,277,1
277,277,1
277,277,1
277,277,1
277,277,1
277,277,1
277,277,1
277,277,1
277,277,1
277,277,1
277,277,1
277,277,1
277,277,1
277,277,1
277,277,1
277,277,1
277,277,1
277,277,1
277,277,1
277,277,1
277,277,1
277,277,1
277,277,1
277,277,1
277,277,1
277,277,1
277,277,1
277,277,1
277,277,1
277,277,1
277,277,1
277,277,1
277,277,1
277,277,1
277,277,1
277,277,1
277,274,0
277,277,1
277,277,1
277,277,1
277,277,1
277,284,0
277,277,1
277,277,1
277,277,1
277,277,1
277,277,1
277,277,1
277,277,1
277,277,1
277,277,1
277,277,1
277,277,1
277,277,1
277,277,1
277,277,1
277,277,1
277,277,1
277,277,1
277,277,1
277,277,1
277,277,1
277,277,1
277,284,0
277,277,1
277,277,1
277,277,1
277,277,1
277,277,1
277,277,1
277,277,1
277,277,1
277,277,1
277,277,1
277,277,1
277,277,1
277,277,1
277,277,1
277,277,1
277,277,1
277,277,1
277,277,1
277,277,1
277,277,1
277,277,1
277,277,1
277,277,1
277,277,1
277,277,1
277,277,1
277,277,1
277,277,1
277,277,1
277,277,1
277,277,1
277,277,1
277,277,1
277,277,1
277,277,1
277,277,1
277,277,1
277,277,1
277,277,1
277,277,1
277,277,1
277,277,1
277,277,1
277,277,1
277,277,1
277,277,1
277,277,1
277,277,1
277,277,1
277,277,1
277,277,1
277,277,1
277,277,1
277,277,1
277,277,1
277,277,1
277,277,1
277,277,1
277,277,1
277,277,1
277,277,1
277,277,1
277,277,1
277,277,1
277,277,1
277,277,1
277,277,1
277,277,1
277,274,0
277,277,1
277,274,0
277,277,1
277,277,1
277,277,1
277,277,1
277,277,1
277,277,1
277,277,1
277,277,1
277,277,1
277,277,1
277,277,1
277,277,1
277,277,1
277,277,1
277,277,1
277,277,1
277,277,1
277,277,1
277,277,1
277,277,1
277,277,1
277,277,1
277,277,1
277,277,1
277,277,1
277,277,1
277,277,1
277,277,1
277,277,1
277,277,1
277,277,1
277,277,1
277,277,1
277,277,1
277,277,1
277,277,1
277,277,1
277,277,1
277,274,0
277,277,1
277,277,1
277,277,1
277,277,1
277,277,1
277,277,1
277,274,0
277,277,1
277,277,1
277,277,1
277,277,1
277,277,1
277,277,1
277,287,0
277,277,1
277,274,0
277,277,1
277,277,1
277,277,1
277,277,1
277,277,1
277,277,1
277,277,1
277,277,1
277,277,1
277,277,1
277,277,1
277,284,0
277,277,1
277,284,0
277,277,1
277,277,1
277,277,1
277,277,1
277,277,1
277,277,1
277,274,0
277,277,1
277,277,1
277,277,1
277,277,1
277,277,1
277,277,1
277,277,1
277,277,1
277,277,1
277,277,1
277,277,1
277,277,1
277,277,1
277,274,0
277,277,1
277,277,1
277,277,1
277,277,1
277,277,1
277,277,1
277,277,1
277,277,1
277,277,1
277,277,1
277,277,1
277,277,1
277,274,0
277,277,1
277,277,1
277,277,1
277,277,1
277,277,1
277,277,1
277,277,1
277,277,1
277,277,1
277,277,1
277,277,1
277,277,1
277,277,1
277,277,1
277,277,1
277,277,1
277,277,1
277,277,1
277,277,1
277,274,0
277,277,1
277,274,0
277,277,1
277,277,1
277,277,1
277,277,1
277,277,1
277,277,1
277,277,1
277,277,1
277,277,1
277,277,1
277,277,1
277,277,1
277,277,1
277,277,1
277,277,1
277,277,1
277,277,1
277,277,1
277,277,1
277,277,1
277,277,1
277,277,1
277,277,1
277,277,1
277,277,1
277,277,1
277,277,1
277,277,1
277,277,1
277,277,1
277,277,1
277,277,1
277,277,1
277,277,1
277,277,1
277,277,1
277,277,1
277,274,0
277,277,1
277,277,1
277,284,0
277,277,1
277,277,1
277,274,0
277,277,1
277,277,1
277,277,1
277,277,1
277,277,1
277,277,1
277,277,1
277,277,1
277,277,1
277,277,1
277,277,1
277,277,1
277,277,1
277,277,1
277,277,1
277,277,1
277,277,1
277,277,1
277,277,1
277,277,1
277,277,1
277,277,1
277,277,1
277,277,1
277,277,1
277,277,1
277,277,1
277,277,1
277,277,1
277,277,1
277,277,1
277,277,1
277,277,1
277,277,1
277,277,1
277,274,0
277,277,1
277,277,1
277,277,1
277,274,0
277,277,1
277,287,0
277,277,1
277,277,1
277,277,1
277,277,1
277,277,1
277,277,1
277,277,1
277,277,1
277,277,1
277,277,1
277,277,1
277,277,1
277,277,1
277,277,1
277,277,1
277,277,1
277,274,0
277,277,1
277,277,1
277,277,1
277,277,1
277,277,1
277,277,1
277,277,1
277,277,1
277,277,1
277,277,1
277,277,1
277,277,1
277,277,1
277,277,1
277,277,1
277,277,1
277,277,1
277,277,1
277,277,1
277,277,1
277,277,1
277,277,1
277,277,1
277,277,1
277,277,1
277,277,1
277,277,1
277,277,1
277,277,1
277,277,1
277,277,1
277,277,1
277,277,1
277,277,1
277,277,1
277,277,1
277,277,1
277,277,1
277,277,1
277,277,1
277,277,1
277,277,1
277,277,1
277,277,1
277,277,1
277,277,1
277,277,1
277,277,1
277,277,1
277,277,1
277,277,1
277,277,1
277,277,1
277,277,1
277,277,1
277,277,1
277,277,1
277,277,1
277,277,1
277,277,1
277,274,0
277,277,1
277,277,1
277,277,1
277,277,1
277,277,1
277,277,1
277,277,1
277,277,1
277,277,1
277,277,1
277,277,1
277,277,1
277,277,1
277,277,1
277,277,1
277,277,1
277,277,1
277,277,1
277,277,1
277,277,1
277,277,1
277,277,1
277,277,1
277,277,1
277,277,1
277,277,1
277,277,1
277,277,1
277,277,1
277,277,1
277,277,1
277,277,1
277,277,1
277,277,1
277,277,1
277,277,1
277,277,1
277,277,1
277,277,1
277,277,1
277,277,1
277,277,1
277,277,1
277,277,1
277,277,1
277,277,1
277,277,1
277,277,1
277,277,1
277,277,1
277,277,1
277,277,1
277,277,1
277,277,1
277,277,1
277,277,1
277,277,1
277,277,1
277,277,1
277,277,1
277,277,1
277,277,1
277,277,1
277,277,1
277,277,1
277,277,1
277,277,1
277,277,1
277,277,1
277,277,1
277,277,1
277,277,1
277,277,1
277,277,1
277,277,1
277,277,1
277,277,1
277,277,1
277,277,1
277,277,1
277,277,1
277,277,1
277,277,1
277,277,1
277,277,1
277,277,1
277,277,1
277,277,1
277,277,1
277,277,1
277,277,1
277,277,1
277,277,1
277,277,1
277,277,1
277,277,1
277,277,1
277,277,1
277,277,1
277,277,1
277,284,0
277,277,1
277,284,0
277,277,1
277,277,1
277,277,1
277,277,1
277,277,1
277,277,1
277,277,1
277,277,1
277,277,1
277,277,1
277,277,1
277,277,1
277,277,1
277,277,1
277,277,1
277,277,1
277,277,1
277,284,0
277,277,1
277,277,1
277,277,1
277,277,1
277,277,1
277,277,1
277,277,1
277,277,1
277,277,1
277,277,1
277,277,1
277,277,1
277,274,0
277,277,1
277,277,1
277,277,1
277,277,1
277,277,1
277,277,1
277,277,1
277,277,1
277,277,1
277,277,1
277,277,1
277,277,1
277,277,1
277,287,0
277,277,1
277,277,1
277,277,1
277,277,1
277,277,1
277,277,1
277,277,1
277,277,1
277,277,1
277,277,1
277,277,1
277,277,1
277,277,1
277,277,1
277,277,1
277,277,1
277,277,1
277,277,1
277,277,1
277,277,1
277,277,1
277,277,1
277,277,1
277,274,0
277,277,1
277,277,1
277,277,1
277,277,1
277,277,1
277,277,1
277,277,1
277,274,0
277,277,1
277,274,0
277,277,1
277,277,1
277,277,1
277,277,1
277,277,1
277,277,1
277,277,1
277,277,1
277,277,1
277,277,1
277,277,1
277,277,1
277,277,1
277,277,1
277,277,1
277,277,1
277,277,1
277,277,1
277,277,1
277,277,1
277,277,1
277,277,1
277,277,1
277,277,1
277,277,1
277,277,1
277,277,1
277,277,1
277,277,1
277,277,1
277,277,1
277,277,1
277,277,1
277,277,1
277,277,1
277,277,1
277,277,1
277,277,1
277,277,1
277,277,1
277,277,1
277,277,1
277,277,1
277,277,1
277,277,1
277,277,1
277,277,1
277,277,1
277,277,1
277,277,1
277,277,1
277,277,1
277,277,1
277,277,1
277,277,1
277,274,0
277,277,1
277,277,1
277,277,1
277,277,1
277,277,1
277,277,1
277,277,1
277,277,1
277,277,1
277,277,1
277,277,1
277,277,1
277,277,1
277,277,1
277,277,1
277,277,1
277,277,1
277,277,1
277,277,1
277,277,1
277,277,1
277,277,1
277,277,1
277,277,1
277,277,1
277,277,1
277,277,1
277,277,1
277,277,1
277,277,1
277,277,1
277,277,1
277,277,1
277,277,1
277,277,1
277,277,1
277,277,1
277,277,1
277,277,1
277,277,1
277,277,1
277,277,1
277,277,1
277,277,1
277,277,1
277,277,1
277,277,1
277,277,1
277,277,1
277,277,1
277,277,1
277,277,1
277,277,1
277,277,1
277,277,1
277,277,1
277,277,1
277,277,1
277,277,1
277,277,1
277,277,1
277,277,1
277,277,1
277,277,1
277,277,1
277,277,1
277,277,1
277,277,1
277,277,1
277,277,1
277,277,1
277,277,1
277,277,1
277,277,1
277,277,1
277,277,1
277,277,1
277,274,0
277,277,1
277,277,1
277,277,1
277,277,1
277,277,1
277,277,1
277,277,1
277,277,1
277,287,0
277,277,1
277,277,1
277,277,1
277,277,1
277,277,1
277,277,1
277,277,1
277,277,1
277,277,1
277,277,1
277,277,1
277,277,1
277,277,1
277,277,1
277,277,1
277,277,1
277,277,1
277,277,1
277,277,1
277,277,1
277,277,1
277,277,1
277,277,1
277,277,1
277,277,1
277,277,1
277,277,1
277,277,1
277,277,1
277,277,1
277,277,1
277,277,1
277,277,1
277,277,1
277,277,1
277,277,1
277,277,1
277,277,1
277,277,1
277,277,1
277,277,1
277,277,1
277,277,1
277,277,1
277,277,1
277,277,1
277,277,1
277,277,1
277,277,1
277,277,1
277,277,1
277,277,1
277,277,1
277,277,1
277,277,1
277,287,0
277,277,1
277,277,1
277,277,1
277,277,1
277,277,1
277,277,1
277,277,1
277,277,1
277,277,1
277,277,1
277,277,1
277,277,1
277,277,1
277,277,1
277,277,1
277,277,1
277,277,1
277,277,1
277,277,1
277,277,1
277,277,1
277,277,1
277,277,1
277,277,1
277,277,1
277,277,1
277,277,1
277,277,1
277,277,1
277,277,1
277,277,1
277,277,1
277,277,1
277,277,1
277,277,1
277,277,1
277,277,1
277,277,1
277,277,1
277,277,1
277,274,0
277,277,1
277,277,1
277,277,1
277,277,1
277,277,1
277,277,1
277,277,1
277,277,1
277,277,1
277,277,1
277,277,1
277,277,1
277,277,1
277,277,1
277,277,1
277,277,1
277,277,1
277,277,1
277,277,1
277,277,1
277,277,1
277,277,1
277,277,1
277,277,1
277,277,1
277,277,1
277,277,1
277,277,1
277,277,1
277,277,1
277,277,1
277,277,1
277,277,1
277,277,1
277,277,1
277,277,1
277,277,1
277,277,1
277,277,1
277,284,0
277,277,1
277,277,1
277,277,1
277,277,1
277,277,1
277,274,0
277,277,1
277,277,1
277,277,1
277,277,1
277,274,0
277,277,1
277,277,1
277,277,1
277,277,1
277,277,1
277,277,1
277,277,1
277,277,1
277,277,1
277,277,1
277,277,1
277,277,1
277,277,1
277,277,1
277,277,1
277,277,1
277,277,1
277,277,1
277,277,1
277,277,1
277,277,1
277,277,1
277,277,1
277,277,1
277,277,1
277,277,1
277,277,1
277,277,1
277,277,1
277,277,1
277,277,1
277,277,1
277,277,1
277,277,1
277,277,1
277,277,1
277,277,1
277,277,1
277,284,0
277,277,1
277,277,1
277,277,1
277,277,1
277,277,1
277,277,1
277,277,1
277,274,0
277,277,1
277,277,1
277,277,1
277,277,1
277,277,1
277,277,1
277,277,1
277,277,1
277,277,1
277,277,1
277,277,1
277,277,1
277,277,1
277,277,1
277,277,1
277,277,1
277,277,1
277,277,1
277,277,1
277,277,1
277,277,1
277,277,1
277,277,1
277,277,1
277,277,1
277,277,1
277,277,1
277,277,1
277,277,1
277,277,1
277,277,1
277,277,1
277,277,1
277,277,1
277,277,1
277,277,1
277,277,1
277,277,1
277,284,0
277,277,1
277,274,0
277,277,1
277,277,1
277,277,1
277,277,1
277,277,1
277,277,1
277,277,1
277,277,1
277,277,1
277,277,1
277,277,1
277,277,1
277,277,1
277,277,1
277,277,1
277,284,0
277,277,1
277,277,1
277,277,1
277,277,1
277,277,1
277,277,1
277,277,1
277,277,1
277,277,1
277,274,0
277,277,1
277,277,1
277,277,1
277,277,1
277,277,1
277,277,1
277,277,1
277,277,1
277,277,1
277,277,1
277,277,1
277,277,1
277,277,1
277,277,1
277,277,1
277,277,1
277,277,1
277,277,1
277,277,1
277,277,1
277,277,1
277,274,0
277,277,1
277,277,1
277,277,1
277,277,1
277,277,1
277,277,1
277,277,1
277,277,1
277,277,1
277,277,1
277,277,1
277,277,1
277,277,1
277,277,1
277,277,1
277,277,1
277,284,0
277,277,1
277,277,1
277,277,1
277,277,1
277,277,1
277,277,1
277,277,1
277,277,1
277,277,1
277,277,1
277,277,1
277,277,1
277,277,1
277,277,1
277,277,1
277,277,1
277,277,1
277,284,0
277,277,1
277,277,1
277,277,1
277,277,1
277,277,1
277,277,1
277,277,1
277,277,1
277,277,1
277,277,1
277,277,1
277,277,1
277,277,1
277,277,1
277,277,1
277,277,1
277,277,1
277,277,1
277,277,1
277,277,1
277,277,1
277,277,1
277,277,1
277,277,1
277,277,1
277,277,1
277,277,1
277,277,1
277,277,1
277,277,1
277,277,1
277,277,1
277,277,1
277,277,1
277,277,1
277,277,1
277,277,1
277,277,1
277,277,1
277,277,1
277,277,1
277,277,1
277,277,1
277,277,1
277,277,1
277,274,0
277,277,1
277,277,1
277,284,0
277,277,1
277,277,1
277,277,1
277,277,1
277,277,1
277,277,1
277,277,1
277,277,1
277,277,1
277,277,1
277,277,1
277,277,1
277,277,1
277,277,1
277,277,1
277,274,0
277,277,1
277,277,1
277,277,1
277,277,1
277,277,1
277,277,1
277,277,1
277,284,0
277,277,1
277,277,1
277,277,1
277,277,1
277,277,1
277,277,1
277,277,1
277,277,1
277,277,1
274,274,1
274,274,1
274,274,1
274,274,1
274,274,1
274,274,1
274,274,1
274,274,1
274,274,1
274,274,1
274,274,1
274,274,1
274,274,1
274,274,1
274,274,1
274,274,1
274,274,1
274,274,1
274,274,1
274,274,1
274,274,1
274,274,1
274,274,1
274,274,1
274,274,1
274,274,1
274,274,1
274,274,1
274,277,0
274,274,1
274,274,1
274,274,1
274,274,1
274,287,0
274,274,1
274,274,1
274,274,1
274,274,1
274,274,1
274,274,1
274,274,1
274,274,1
274,274,1
274,274,1
274,274,1
274,274,1
274,274,1
274,274,1
274,274,1
274,274,1
274,274,1
274,274,1
274,274,1
274,274,1
274,274,1
274,274,1
274,274,1
274,274,1
274,274,1
274,274,1
274,274,1
274,274,1
274,274,1
274,274,1
274,274,1
274,274,1
274,274,1
274,274,1
274,274,1
274,274,1
274,274,1
274,274,1
274,274,1
274,274,1
274,274,1
274,274,1
274,274,1
274,274,1
274,274,1
274,274,1
274,274,1
274,274,1
274,274,1
274,274,1
274,274,1
274,274,1
274,274,1
274,274,1
274,274,1
274,274,1
274,277,0
274,274,1
274,274,1
274,274,1
274,274,1
274,274,1
274,274,1
274,274,1
274,274,1
274,274,1
274,274,1
274,274,1
274,274,1
274,274,1
274,274,1
274,274,1
274,274,1
274,274,1
274,274,1
274,274,1
274,274,1
274,274,1
274,274,1
274,274,1
274,274,1
274,274,1
274,274,1
274,274,1
274,274,1
274,274,1
274,274,1
274,274,1
274,274,1
274,277,0
274,274,1
274,274,1
274,274,1
274,274,1
274,274,1
274,274,1
274,274,1
274,274,1
274,274,1
274,274,1
274,274,1
274,274,1
274,274,1
274,274,1
274,274,1
274,274,1
274,274,1
274,274,1
274,274,1
274,274,1
274,274,1
274,274,1
274,274,1
274,274,1
274,274,1
274,274,1
274,274,1
274,274,1
274,274,1
274,274,1
274,274,1
274,274,1
274,274,1
274,274,1
274,274,1
274,274,1
274,274,1
274,274,1
274,274,1
274,274,1
274,274,1
274,274,1
274,274,1
274,274,1
274,274,1
274,274,1
274,274,1
274,274,1
274,274,1
274,274,1
274,274,1
274,274,1
274,274,1
274,274,1
274,274,1
274,274,1
274,274,1
274,274,1
274,274,1
274,274,1
274,274,1
274,274,1
274,274,1
274,274,1
274,274,1
274,274,1
274,274,1
274,274,1
274,274,1
274,274,1
274,274,1
274,274,1
274,274,1
274,274,1
274,274,1
274,274,1
274,274,1
274,274,1
274,274,1
274,274,1
274,274,1
274,274,1
274,274,1
274,274,1
274,274,1
274,274,1
274,274,1
274,274,1
274,274,1
274,274,1
274,274,1
274,274,1
274,274,1
274,274,1
274,274,1
274,274,1
274,274,1
274,274,1
274,274,1
274,274,1
274,274,1
274,274,1
274,274,1
274,274,1
274,274,1
274,274,1
274,274,1
274,274,1
274,274,1
274,274,1
274,274,1
274,274,1
274,274,1
274,274,1
274,274,1
274,274,1
274,274,1
274,274,1
274,274,1
274,274,1
274,274,1
274,274,1
274,274,1
274,274,1
274,274,1
274,274,1
274,277,0
274,274,1
274,274,1
274,274,1
274,274,1
274,274,1
274,274,1
274,274,1
274,274,1
274,274,1
274,274,1
274,274,1
274,277,0
274,274,1
274,274,1
274,274,1
274,274,1
274,274,1
274,274,1
274,274,1
274,274,1
274,274,1
274,274,1
274,274,1
274,274,1
274,274,1
274,274,1
274,287,0
274,274,1
274,277,0
274,287,0
274,274,1
274,274,1
274,274,1
274,274,1
274,274,1
274,274,1
274,274,1
274,274,1
274,274,1
274,274,1
274,274,1
274,274,1
274,274,1
274,274,1
274,274,1
274,274,1
274,274,1
274,274,1
274,274,1
274,274,1
274,274,1
274,274,1
274,274,1
274,274,1
274,274,1
274,274,1
274,274,1
274,274,1
274,274,1
274,274,1
274,274,1
274,274,1
274,274,1
274,274,1
274,274,1
274,284,0
274,274,1
274,274,1
274,274,1
274,274,1
274,274,1
274,274,1
274,274,1
274,274,1
274,274,1
274,274,1
274,274,1
274,274,1
274,274,1
274,274,1
274,274,1
274,274,1
274,274,1
274,274,1
274,274,1
274,274,1
274,274,1
274,274,1
274,277,0
274,274,1
274,274,1
274,274,1
274,274,1
274,274,1
274,274,1
274,274,1
274,274,1
274,274,1
274,274,1
274,274,1
274,274,1
274,274,1
274,274,1
274,274,1
274,274,1
274,274,1
274,274,1
274,274,1
274,274,1
274,274,1
274,274,1
274,277,0
274,274,1
274,274,1
274,274,1
274,274,1
274,274,1
274,274,1
274,274,1
274,274,1
274,274,1
274,274,1
274,274,1
274,274,1
274,274,1
274,274,1
274,274,1
274,277,0
274,274,1
274,274,1
274,274,1
274,287,0
274,274,1
274,274,1
274,274,1
274,274,1
274,274,1
274,274,1
274,274,1
274,274,1
274,274,1
274,274,1
274,274,1
274,274,1
274,274,1
274,274,1
274,274,1
274,274,1
274,274,1
274,274,1
274,274,1
274,274,1
274,274,1
274,274,1
274,274,1
274,274,1
274,274,1
274,274,1
274,274,1
274,274,1
274,274,1
274,274,1
274,274,1
274,274,1
274,274,1
274,274,1
274,274,1
274,274,1
274,277,0
274,287,0
274,274,1
274,274,1
274,274,1
274,274,1
274,274,1
274,274,1
274,274,1
274,274,1
274,274,1
274,274,1
274,274,1
274,274,1
274,274,1
274,274,1
274,274,1
274,274,1
274,274,1
274,274,1
274,274,1
274,274,1
274,274,1
274,274,1
274,274,1
274,274,1
274,274,1
274,274,1
274,274,1
274,274,1
274,274,1
274,274,1
274,274,1
274,274,1
274,274,1
274,274,1
274,274,1
274,274,1
274,274,1
274,274,1
274,274,1
274,274,1
274,274,1
274,274,1
274,287,0
274,274,1
274,274,1
274,274,1
274,274,1
274,274,1
274,274,1
274,274,1
274,274,1
274,274,1
274,274,1
274,274,1
274,274,1
274,274,1
274,274,1
274,274,1
274,274,1
274,274,1
274,274,1
274,274,1
274,274,1
274,274,1
274,274,1
274,274,1
274,274,1
274,274,1
274,274,1
274,274,1
274,274,1
274,274,1
274,274,1
274,274,1
274,274,1
274,274,1
274,274,1
274,274,1
274,274,1
274,274,1
274,274,1
274,274,1
274,274,1
274,274,1
274,274,1
274,274,1
274,274,1
274,274,1
274,287,0
274,274,1
274,274,1
274,274,1
274,274,1
274,274,1
274,274,1
274,274,1
274,274,1
274,277,0
274,274,1
274,277,0
274,274,1
274,274,1
274,274,1
274,277,0
274,274,1
274,274,1
274,274,1
274,274,1
274,274,1
274,274,1
274,274,1
274,274,1
274,274,1
274,274,1
274,274,1
274,274,1
274,274,1
274,274,1
274,274,1
274,274,1
274,274,1
274,274,1
274,274,1
274,274,1
274,274,1
274,274,1
274,274,1
274,274,1
274,274,1
274,274,1
274,274,1
274,274,1
274,274,1
274,274,1
274,274,1
274,274,1
274,274,1
274,274,1
274,274,1
274,274,1
274,274,1
274,277,0
274,274,1
274,274,1
274,274,1
274,274,1
274,274,1
274,274,1
274,274,1
274,274,1
274,277,0
274,274,1
274,274,1
274,274,1
274,274,1
274,274,1
274,274,1
274,274,1
274,274,1
274,274,1
274,274,1
274,274,1
274,274,1
274,274,1
274,274,1
274,274,1
274,274,1
274,274,1
274,274,1
274,274,1
274,274,1
274,274,1
274,274,1
274,274,1
274,277,0
274,274,1
274,274,1
274,274,1
274,274,1
274,274,1
274,274,1
274,274,1
274,274,1
274,274,1
274,274,1
274,274,1
274,274,1
274,274,1
274,274,1
274,274,1
274,274,1
274,274,1
274,274,1
274,274,1
274,274,1
274,274,1
274,274,1
274,274,1
274,274,1
274,274,1
274,274,1
274,274,1
274,274,1
274,274,1
274,277,0
274,274,1
274,274,1
274,274,1
274,274,1
274,274,1
274,274,1
274,274,1
274,274,1
274,274,1
274,274,1
274,274,1
274,274,1
274,274,1
274,274,1
274,274,1
274,274,1
274,274,1
274,274,1
274,274,1
274,274,1
274,274,1
274,274,1
274,274,1
274,274,1
274,274,1
274,274,1
274,274,1
274,274,1
274,274,1
274,274,1
274,274,1
274,274,1
274,274,1
274,274,1
274,274,1
274,274,1
274,274,1
274,274,1
274,274,1
274,274,1
274,274,1
274,274,1
274,274,1
274,274,1
274,274,1
274,274,1
274,274,1
274,274,1
274,274,1
274,274,1
274,274,1
274,274,1
274,274,1
274,274,1
274,274,1
274,274,1
274,274,1
274,274,1
274,274,1
274,274,1
274,274,1
274,274,1
274,274,1
274,274,1
274,274,1
274,274,1
274,274,1
274,274,1
274,274,1
274,274,1
274,274,1
274,274,1
274,274,1
274,274,1
274,274,1
274,274,1
274,274,1
274,277,0
274,274,1
274,274,1
274,274,1
274,274,1
274,274,1
274,274,1
274,274,1
274,274,1
274,274,1
274,274,1
274,274,1
274,274,1
274,274,1
274,274,1
274,274,1
274,274,1
274,287,0
274,274,1
274,274,1
274,274,1
274,274,1
274,274,1
274,274,1
274,274,1
274,274,1
274,274,1
274,274,1
274,274,1
274,274,1
274,274,1
274,274,1
274,274,1
274,274,1
274,274,1
274,274,1
274,274,1
274,274,1
274,274,1
274,274,1
274,274,1
274,274,1
274,274,1
274,274,1
274,274,1
274,277,0
274,274,1
274,274,1
274,274,1
274,274,1
274,274,1
274,274,1
274,274,1
274,274,1
274,274,1
274,274,1
274,274,1
274,274,1
274,274,1
274,274,1
274,274,1
274,274,1
274,274,1
274,274,1
274,274,1
274,274,1
274,274,1
274,274,1
274,274,1
274,274,1
274,274,1
274,274,1
274,274,1
274,274,1
274,274,1
274,274,1
274,274,1
274,274,1
274,274,1
274,287,0
274,277,0
274,274,1
274,274,1
274,274,1
274,274,1
274,274,1
274,277,0
274,274,1
274,287,0
274,274,1
274,274,1
274,274,1
274,274,1
274,274,1
274,274,1
274,274,1
274,274,1
274,274,1
274,274,1
274,277,0
274,274,1
274,274,1
274,274,1
274,274,1
274,274,1
274,274,1
274,274,1
274,274,1
274,274,1
274,274,1
274,274,1
274,274,1
274,274,1
274,274,1
274,274,1
274,274,1
274,274,1
274,274,1
274,274,1
274,274,1
274,274,1
274,274,1
274,274,1
274,274,1
274,274,1
274,274,1
274,274,1
274,274,1
274,274,1
274,274,1
274,274,1
274,274,1
274,274,1
274,274,1
274,274,1
274,274,1
274,274,1
274,274,1
274,274,1
274,274,1
274,274,1
274,274,1
274,274,1
274,274,1
274,274,1
274,274,1
274,274,1
274,274,1
274,277,0
274,277,0
274,274,1
274,274,1
274,274,1
274,274,1
274,274,1
274,274,1
274,274,1
274,274,1
274,277,0
274,274,1
274,274,1
274,274,1
274,274,1
274,274,1
274,274,1
274,274,1
274,274,1
274,274,1
274,274,1
274,274,1
274,274,1
274,274,1
274,287,0
274,274,1
274,274,1
274,274,1
274,274,1
274,274,1
274,274,1
274,274,1
274,274,1
274,274,1
274,274,1
274,274,1
274,274,1
274,274,1
274,274,1
274,274,1
274,274,1
274,274,1
274,274,1
274,274,1
274,274,1
274,274,1
274,274,1
274,277,0
274,274,1
274,274,1
274,274,1
274,274,1
274,274,1
274,274,1
274,277,0
274,274,1
274,274,1
274,274,1
274,274,1
274,274,1
274,274,1
274,274,1
274,274,1
274,274,1
274,274,1
274,274,1
274,274,1
274,274,1
274,274,1
274,274,1
274,274,1
274,274,1
274,274,1
274,274,1
274,274,1
274,274,1
274,274,1
274,274,1
274,274,1
274,274,1
274,274,1
274,274,1
274,274,1
274,274,1
274,274,1
274,274,1
274,274,1
274,274,1
274,274,1
274,274,1
274,274,1
274,274,1
274,274,1
274,274,1
274,274,1
274,274,1
274,274,1
274,274,1
274,274,1
274,277,0
274,274,1
274,274,1
274,274,1
274,274,1
274,274,1
274,274,1
274,274,1
274,274,1
274,274,1
274,274,1
274,274,1
274,274,1
274,274,1
274,274,1
274,274,1
274,274,1
274,274,1
274,274,1
274,274,1
274,274,1
274,274,1
274,274,1
274,274,1
274,274,1
274,274,1
274,274,1
274,274,1
274,274,1
274,274,1
274,274,1
274,274,1
274,274,1
274,274,1
274,274,1
274,274,1
274,274,1
274,274,1
274,274,1
274,274,1
274,274,1
274,274,1
274,274,1
274,274,1
274,274,1
274,274,1
274,274,1
274,274,1
274,274,1
274,274,1
274,274,1
274,274,1
274,274,1
274,274,1
274,274,1
274,274,1
274,274,1
274,274,1
274,274,1
274,274,1
274,274,1
274,274,1
274,274,1
274,274,1
274,274,1
274,274,1
274,274,1
274,274,1
274,274,1
274,274,1
274,274,1
274,274,1
274,274,1
274,274,1
274,274,1
274,274,1
274,274,1
274,274,1
274,274,1
274,274,1
274,274,1
274,274,1
274,274,1
274,274,1
274,274,1
274,274,1
274,274,1
274,274,1
274,274,1
274,274,1
274,274,1
274,274,1
274,274,1
274,274,1
274,274,1
274,274,1
274,274,1
274,274,1
274,274,1
274,274,1
274,274,1
274,274,1
274,274,1
274,274,1
274,274,1
274,274,1
274,274,1
274,274,1
274,274,1
274,274,1
274,274,1
274,274,1
274,274,1
274,274,1
274,274,1
274,274,1
274,274,1
274,277,0
274,274,1
274,274,1
274,274,1
274,274,1
274,274,1
274,274,1
274,274,1
274,274,1
274,274,1
274,274,1
274,274,1
274,274,1
274,274,1
274,274,1
274,274,1
274,274,1
274,274,1
274,274,1
274,274,1
274,274,1
274,274,1
274,274,1
274,274,1
274,274,1
274,274,1
274,274,1
274,274,1
274,274,1
274,274,1
274,274,1
274,274,1
274,274,1
274,274,1
274,274,1
274,274,1
274,274,1
274,274,1
274,274,1
274,274,1
274,274,1
274,274,1
274,274,1
274,287,0
274,274,1
274,274,1
274,274,1
274,274,1
274,274,1
274,274,1
274,274,1
274,274,1
274,274,1
274,274,1
274,274,1
274,274,1
274,274,1
274,274,1
274,274,1
274,274,1
274,274,1
274,274,1
274,274,1
274,274,1
274,274,1
274,274,1
274,274,1
274,274,1
274,274,1
274,274,1
274,274,1
274,274,1
274,274,1
274,274,1
274,274,1
274,274,1
274,274,1
274,274,1
274,274,1
274,274,1
274,274,1
274,274,1
274,274,1
274,274,1
274,274,1
274,274,1
274,274,1
274,274,1
274,274,1
274,274,1
274,274,1
274,274,1
274,274,1
274,274,1
274,274,1
274,274,1
274,274,1
274,274,1
274,274,1
274,274,1
274,274,1
274,274,1
274,274,1
274,277,0
274,274,1
274,274,1
274,274,1
274,274,1
274,274,1
274,274,1
274,274,1
274,274,1
274,274,1
274,274,1
274,274,1
274,287,0
274,277,0
274,274,1
274,274,1
274,274,1
274,274,1
274,274,1
274,274,1
274,274,1
274,274,1
274,274,1
274,274,1
274,274,1
274,274,1
274,274,1
274,274,1
274,274,1
274,274,1
274,274,1
274,274,1
274,274,1
274,274,1
274,274,1
274,274,1
274,274,1
274,274,1
274,274,1
274,274,1
274,274,1
274,274,1
274,274,1
274,274,1
274,274,1
274,274,1
274,274,1
274,274,1
274,274,1
274,274,1
274,274,1
274,274,1
274,274,1
274,274,1
274,274,1
274,274,1
274,274,1
274,274,1
274,274,1
274,274,1
274,274,1
274,274,1
274,274,1
274,274,1
274,274,1
274,274,1
274,274,1
274,274,1
274,274,1
274,274,1
274,274,1
274,274,1
274,274,1
274,274,1
274,274,1
274,274,1
274,274,1
274,274,1
274,274,1
274,274,1
274,274,1
274,274,1
274,274,1
274,274,1
274,274,1
274,274,1
274,274,1
274,274,1
274,274,1
274,274,1
274,274,1
274,274,1
274,274,1
274,274,1
274,274,1
274,274,1
274,274,1
274,274,1
274,274,1
274,274,1
274,274,1
274,274,1
274,274,1
274,274,1
274,274,1
274,274,1
274,274,1
274,274,1
274,274,1
274,274,1
274,274,1
274,274,1
274,274,1
274,274,1
274,274,1
274,274,1
274,274,1
274,274,1
274,274,1
274,274,1
274,274,1
274,274,1
274,274,1
274,274,1
274,274,1
274,274,1
274,274,1
274,274,1
274,274,1
274,277,0
274,274,1
274,274,1
274,274,1
274,274,1
274,274,1
274,274,1
274,274,1
274,274,1
274,274,1
274,274,1
274,274,1
274,274,1
274,274,1
274,274,1
274,274,1
274,274,1
274,287,0
274,274,1
274,274,1
274,274,1
274,274,1
274,274,1
274,274,1
274,274,1
274,274,1
274,274,1
274,274,1
274,274,1
274,274,1
274,274,1
274,274,1
274,277,0
274,274,1
274,274,1
274,274,1
274,274,1
274,274,1
274,274,1
274,274,1
274,274,1
274,274,1
274,274,1
274,274,1
274,274,1
274,274,1
274,274,1
274,274,1
274,274,1
274,274,1
274,274,1
274,274,1
274,274,1
274,274,1
274,274,1
274,274,1
274,274,1
274,274,1
274,274,1
274,274,1
274,274,1
274,274,1
274,277,0
274,274,1
274,274,1
274,274,1
274,274,1
274,274,1
274,274,1
274,274,1
274,274,1
274,274,1
274,274,1
274,274,1
274,274,1
274,274,1
274,274,1
274,274,1
274,274,1
274,274,1
274,274,1
274,274,1
274,274,1
274,274,1
274,277,0
274,274,1
274,274,1
274,274,1
274,274,1
274,274,1
274,274,1
274,274,1
274,274,1
274,274,1
274,274,1
274,274,1
274,274,1
274,274,1
274,274,1
274,274,1
274,274,1
274,274,1
274,274,1
274,274,1
274,274,1
274,274,1
274,274,1
274,274,1
274,274,1
274,274,1
274,274,1
274,274,1
274,274,1
274,274,1
274,274,1
274,274,1
274,274,1
274,274,1
274,274,1
274,274,1
274,274,1
274,274,1
274,274,1
274,274,1
274,274,1
274,277,0
274,274,1
274,274,1
274,274,1
274,274,1
274,274,1
274,274,1
274,274,1
274,274,1
274,274,1
274,274,1
274,274,1
274,274,1
274,274,1
274,274,1
274,274,1
274,274,1
274,274,1
274,274,1
274,274,1
274,274,1
274,274,1
274,274,1
274,274,1
274,274,1
274,277,0
274,274,1
274,274,1
274,274,1
274,274,1
274,274,1
274,274,1
274,274,1
274,274,1
274,274,1
274,274,1
274,274,1
274,274,1
274,274,1
274,274,1
274,274,1
274,274,1
274,274,1
274,274,1
274,274,1
274,274,1
274,274,1
274,274,1
274,274,1
274,274,1
274,274,1
274,274,1
274,274,1
274,274,1
274,274,1
274,274,1
274,274,1
274,274,1
274,274,1
274,274,1
274,274,1
274,274,1
274,274,1
274,274,1
274,274,1
274,274,1
274,274,1
274,274,1
274,274,1
274,274,1
274,274,1
274,274,1
274,274,1
274,274,1
274,274,1
274,274,1
274,274,1
274,274,1
274,274,1
274,274,1
274,287,0
274,274,1
274,277,0
274,274,1
274,274,1
274,274,1
274,274,1
274,274,1
274,274,1
274,274,1
274,274,1
274,274,1
274,274,1
274,274,1
274,274,1
274,274,1
274,274,1
274,274,1
274,274,1
274,274,1
274,274,1
274,274,1
274,274,1
274,274,1
274,274,1
274,274,1
274,274,1
274,274,1
274,274,1
274,274,1
274,274,1
274,274,1
274,274,1
274,274,1
274,274,1
274,274,1
274,287,0
274,274,1
274,274,1
274,274,1
274,274,1
274,274,1
274,274,1
274,274,1
274,274,1
274,274,1
274,274,1
274,274,1
274,274,1
274,274,1
274,274,1
274,274,1
274,274,1
274,274,1
274,274,1
274,274,1
274,274,1
274,274,1
274,274,1
274,274,1
274,274,1
274,274,1
274,274,1
274,274,1
274,274,1
274,274,1
274,274,1
274,274,1
274,274,1
274,274,1
274,274,1
274,274,1
274,274,1
274,274,1
274,274,1
274,274,1
274,274,1
274,274,1
274,274,1
274,277,0
274,274,1
274,274,1
274,274,1
274,274,1
274,274,1
274,274,1
274,274,1
274,287,0
274,274,1
274,274,1
274,274,1
274,274,1
274,274,1
274,274,1
274,274,1
274,277,0
274,274,1
274,274,1
274,274,1
274,274,1
274,274,1
274,274,1
274,274,1
274,274,1
274,274,1
274,274,1
274,274,1
274,274,1
274,274,1
274,274,1
274,274,1
274,274,1
274,274,1
274,274,1
274,274,1
274,274,1
274,274,1
274,274,1
274,274,1
274,274,1
274,274,1
274,274,1
274,274,1
274,274,1
274,274,1
274,274,1
274,274,1
274,274,1
274,274,1
274,274,1
274,274,1
274,274,1
274,274,1
274,274,1
274,274,1
274,274,1
274,274,1
274,274,1
274,274,1
274,274,1
274,274,1
274,274,1
274,274,1
274,274,1
274,274,1
274,274,1
274,274,1
274,277,0
274,274,1
274,274,1
274,274,1
274,274,1
274,274,1
274,274,1
274,274,1
274,274,1
274,274,1
274,274,1
274,274,1
274,274,1
274,274,1
274,287,0
274,277,0
274,274,1
274,274,1
274,274,1
274,274,1
274,274,1
274,274,1
274,274,1
274,274,1
274,274,1
274,274,1
274,274,1
274,274,1
274,274,1
274,274,1
274,274,1
274,274,1
274,274,1
274,274,1
274,274,1
274,274,1
274,274,1
274,274,1
274,274,1
274,274,1
274,274,1
274,274,1
274,274,1
274,274,1
274,274,1
274,274,1
274,274,1
274,274,1
274,274,1
274,274,1
274,274,1
274,274,1
274,274,1
274,274,1
274,274,1
274,274,1
274,274,1
274,274,1
274,274,1
274,274,1
274,274,1
274,274,1
274,274,1
274,274,1
274,274,1
274,274,1
274,274,1
274,274,1
274,274,1
274,274,1
274,287,0
274,274,1
274,274,1
274,274,1
274,274,1
274,274,1
274,274,1
274,274,1
274,274,1
274,274,1
274,274,1
274,274,1
274,274,1
274,274,1
274,274,1
274,274,1
274,274,1
274,274,1
274,274,1
274,274,1
274,274,1
274,274,1
274,274,1
274,274,1
274,274,1
274,274,1
274,274,1
274,274,1
274,274,1
274,274,1
274,274,1
274,274,1
274,277,0
274,274,1
274,274,1
274,274,1
274,277,0
274,274,1
274,274,1
274,274,1
274,274,1
274,274,1
274,274,1
274,274,1
274,274,1
274,274,1
274,274,1
274,274,1
274,274,1
274,274,1
274,274,1
274,274,1
274,287,0
274,274,1
274,274,1
274,274,1
274,274,1
274,274,1
274,274,1
274,274,1
274,274,1
274,274,1
274,277,0
274,274,1
274,274,1
274,277,0
274,274,1
274,274,1
274,274,1
274,274,1
274,274,1
274,274,1
274,274,1
274,274,1
274,274,1
274,274,1
274,274,1
274,274,1
274,274,1
274,274,1
274,274,1
274,274,1
274,274,1
274,274,1
274,274,1
274,274,1
274,274,1
274,274,1
274,274,1
274,274,1
274,274,1
274,274,1
274,274,1
274,274,1
274,274,1
274,277,0
274,274,1
274,274,1
274,274,1
274,274,1
274,274,1
274,274,1
274,274,1
274,274,1
274,274,1
274,287,0
274,274,1
274,274,1
274,274,1
274,274,1
274,274,1
274,274,1
274,274,1
274,274,1
274,274,1
274,274,1
274,274,1
274,274,1
274,274,1
274,274,1
274,274,1
274,274,1
274,274,1
274,274,1
274,274,1
274,277,0
274,274,1
274,277,0
274,274,1
274,274,1
274,274,1
274,274,1
274,274,1
274,274,1
274,274,1
274,274,1
274,274,1
274,274,1
274,274,1
274,274,1
274,274,1
274,274,1
274,274,1
274,274,1
274,274,1
274,274,1
274,274,1
274,274,1
274,274,1
274,274,1
274,274,1
274,274,1
274,274,1
274,274,1
274,274,1
274,274,1
274,274,1
274,274,1
274,274,1
274,274,1
274,274,1
274,274,1
274,274,1
274,287,0
274,274,1
274,274,1
274,274,1
274,274,1
274,274,1
274,274,1
274,274,1
274,274,1
274,274,1
274,274,1
274,274,1
274,274,1
274,274,1
274,274,1
274,274,1
274,287,0
274,274,1
274,274,1
274,277,0
274,274,1
274,274,1
274,274,1
274,274,1
274,274,1
274,274,1
274,274,1
274,274,1
274,274,1
274,274,1
274,274,1
274,274,1
274,274,1
274,274,1
274,274,1
274,274,1
274,274,1
274,274,1
274,274,1
274,274,1
274,274,1
274,274,1
274,274,1
274,274,1
274,274,1
274,274,1
274,274,1
274,277,0
274,274,1
274,274,1
274,274,1
274,274,1
274,274,1
274,274,1
274,274,1
274,274,1
274,274,1
274,274,1
274,274,1
274,274,1
274,274,1
274,274,1
274,274,1
274,274,1
274,274,1
274,274,1
274,274,1
274,274,1
274,274,1
274,274,1
274,274,1
274,274,1
274,274,1
274,274,1
274,274,1
274,274,1
274,274,1
274,274,1
274,274,1
274,274,1
274,274,1
274,274,1
274,274,1
274,274,1
274,274,1
274,274,1
274,274,1
274,274,1
274,274,1
274,274,1
274,274,1
274,274,1
274,274,1
274,274,1
274,274,1
274,274,1
274,274,1
274,274,1
274,274,1
274,274,1
274,274,1
274,274,1
274,274,1
274,274,1
274,274,1
274,274,1
274,274,1
274,274,1
274,274,1
274,274,1
274,274,1
274,274,1
274,274,1
274,274,1
274,274,1
274,274,1
274,274,1
274,274,1
274,274,1
274,274,1
274,274,1
274,277,0
274,274,1
274,274,1
274,274,1
274,274,1
274,277,0
274,274,1
274,274,1
274,274,1
274,274,1
274,274,1
274,274,1
274,274,1
274,274,1
274,274,1
274,274,1
274,287,0
274,274,1
274,274,1
274,274,1
274,274,1
274,274,1
274,274,1
274,274,1
274,274,1
274,274,1
274,274,1
274,274,1
274,274,1
274,274,1
274,274,1
274,274,1
274,277,0
274,274,1
274,274,1
274,274,1
274,274,1
274,274,1
274,274,1
274,274,1
274,274,1
274,274,1
274,274,1
274,274,1
274,274,1
274,277,0
274,274,1
274,274,1
274,274,1
274,274,1
274,274,1
274,274,1
274,274,1
274,274,1
274,277,0
274,274,1
274,274,1
274,274,1
274,274,1
274,274,1
274,274,1
274,274,1
274,274,1
274,274,1
274,274,1
274,274,1
274,274,1
274,274,1
274,274,1
274,274,1
274,274,1
274,274,1
274,274,1
274,274,1
274,274,1
274,274,1
274,274,1
274,274,1
274,274,1
274,274,1
274,274,1
274,274,1
274,274,1
274,274,1
274,274,1
274,274,1
274,274,1
274,274,1
274,274,1
274,274,1
274,274,1
274,274,1
274,274,1
274,274,1
274,274,1
274,274,1
274,274,1
274,274,1
274,274,1
274,274,1
274,274,1
274,274,1
274,274,1
274,274,1
274,274,1
274,274,1
274,274,1
274,274,1
274,274,1
274,274,1
274,274,1
274,274,1
274,274,1
274,274,1
274,274,1
274,274,1
274,277,0
274,274,1
274,274,1
274,274,1
274,274,1
274,274,1
274,274,1
274,274,1
274,274,1
274,274,1
274,274,1
274,274,1
274,274,1
274,274,1
274,274,1
274,274,1
274,274,1
274,274,1
274,274,1
274,274,1
274,274,1
274,274,1
274,274,1
274,274,1
287,287,1
287,287,1
287,287,1
287,287,1
287,287,1
287,287,1
287,274,0
287,287,1
287,287,1
287,287,1
287,287,1
287,287,1
287,287,1
287,287,1
287,287,1
287,287,1
287,287,1
287,287,1
287,287,1
287,287,1
287,287,1
287,287,1
287,287,1
287,287,1
287,287,1
287,287,1
287,287,1
287,287,1
287,287,1
287,274,0
287,287,1
287,287,1
287,287,1
287,287,1
287,287,1
287,287,1
287,287,1
287,287,1
287,287,1
287,287,1
287,287,1
287,287,1
287,287,1
287,287,1
287,287,1
287,287,1
287,287,1
287,287,1
287,287,1
287,287,1
287,287,1
287,287,1
287,287,1
287,287,1
287,287,1
287,287,1
287,287,1
287,287,1
287,287,1
287,287,1
287,287,1
287,287,1
287,287,1
287,274,0
287,287,1
287,287,1
287,274,0
287,287,1
287,287,1
287,287,1
287,287,1
287,287,1
287,287,1
287,287,1
287,287,1
287,287,1
287,287,1
287,287,1
287,287,1
287,287,1
287,287,1
287,287,1
287,287,1
287,287,1
287,287,1
287,287,1
287,287,1
287,287,1
287,287,1
287,287,1
287,287,1
287,287,1
287,287,1
287,287,1
287,287,1
287,287,1
287,287,1
287,287,1
287,287,1
287,287,1
287,274,0
287,287,1
287,287,1
287,287,1
287,287,1
287,287,1
287,287,1
287,287,1
287,287,1
287,287,1
287,287,1
287,287,1
287,287,1
287,287,1
287,287,1
287,287,1
287,287,1
287,287,1
287,287,1
287,287,1
287,287,1
287,287,1
287,287,1
287,287,1
287,287,1
287,277,0
287,287,1
287,287,1
287,287,1
287,287,1
287,287,1
287,287,1
287,287,1
287,287,1
287,287,1
287,287,1
287,287,1
287,287,1
287,287,1
287,287,1
287,287,1
287,287,1
287,287,1
287,287,1
287,287,1
287,274,0
287,287,1
287,287,1
287,287,1
287,287,1
287,287,1
287,287,1
287,287,1
287,287,1
287,287,1
287,287,1
287,287,1
287,287,1
287,287,1
287,287,1
287,287,1
287,287,1
287,287,1
287,287,1
287,287,1
287,287,1
287,287,1
287,287,1
287,287,1
287,287,1
287,287,1
287,287,1
287,287,1
287,287,1
287,287,1
287,287,1
287,287,1
287,287,1
287,287,1
287,287,1
287,287,1
287,287,1
287,274,0
287,287,1
287,287,1
287,287,1
287,287,1
287,287,1
287,287,1
287,287,1
287,287,1
287,287,1
287,287,1
287,287,1
287,287,1
287,287,1
287,287,1
287,287,1
287,287,1
287,287,1
287,287,1
287,287,1
287,287,1
287,287,1
287,287,1
287,287,1
287,287,1
287,287,1
287,287,1
287,287,1
287,287,1
287,287,1
287,287,1
287,287,1
287,287,1
287,287,1
287,287,1
287,287,1
287,287,1
287,287,1
287,287,1
287,287,1
287,287,1
287,287,1
287,287,1
287,287,1
287,287,1
287,287,1
287,287,1
287,287,1
287,287,1
287,287,1
287,287,1
287,287,1
287,287,1
287,287,1
287,287,1
287,287,1
287,287,1
287,287,1
287,287,1
287,287,1
287,287,1
287,287,1
287,287,1
287,287,1
287,287,1
287,287,1
287,287,1
287,287,1
287,287,1
287,287,1
287,287,1
287,287,1
287,287,1
287,287,1
287,287,1
287,287,1
287,287,1
287,287,1
287,287,1
287,287,1
287,287,1
287,287,1
287,287,1
287,287,1
287,287,1
287,287,1
287,287,1
287,287,1
287,287,1
287,287,1
287,287,1
287,287,1
287,287,1
287,287,1
287,287,1
287,287,1
287,287,1
287,287,1
287,287,1
287,287,1
287,287,1
287,287,1
287,287,1
287,287,1
287,287,1
287,287,1
287,287,1
287,287,1
287,287,1
287,274,0
287,287,1
287,287,1
287,287,1
287,287,1
287,287,1
287,287,1
287,287,1
287,287,1
287,287,1
287,287,1
287,287,1
287,287,1
287,287,1
287,287,1
287,287,1
287,287,1
287,287,1
287,287,1
287,287,1
287,287,1
287,287,1
287,287,1
287,287,1
287,287,1
287,287,1
287,287,1
287,277,0
287,287,1
287,287,1
287,287,1
287,287,1
287,287,1
287,287,1
287,287,1
287,277,0
287,287,1
287,287,1
287,287,1
287,287,1
287,287,1
287,287,1
287,287,1
287,287,1
287,287,1
287,287,1
287,287,1
287,287,1
287,287,1
287,287,1
287,287,1
287,287,1
287,287,1
287,287,1
287,287,1
287,287,1
287,287,1
287,287,1
287,287,1
287,287,1
287,274,0
287,287,1
287,287,1
287,287,1
287,287,1
287,287,1
287,287,1
287,287,1
287,287,1
287,287,1
287,287,1
287,287,1
287,287,1
287,287,1
287,287,1
287,287,1
287,287,1
287,287,1
287,287,1
287,287,1
287,287,1
287,287,1
287,287,1
287,287,1
287,287,1
287,287,1
287,287,1
287,287,1
287,287,1
287,287,1
287,287,1
287,287,1
287,287,1
287,287,1
287,287,1
287,287,1
287,287,1
287,287,1
287,287,1
287,287,1
287,287,1
287,287,1
287,287,1
287,287,1
287,287,1
287,287,1
287,287,1
287,287,1
287,287,1
287,287,1
287,287,1
287,287,1
287,287,1
287,287,1
287,287,1
287,287,1
287,287,1
287,287,1
287,287,1
287,287,1
287,287,1
287,287,1
287,287,1
287,287,1
287,287,1
287,287,1
287,287,1
287,287,1
287,287,1
287,287,1
287,274,0
287,287,1
287,287,1
287,287,1
287,287,1
287,287,1
287,287,1
287,287,1
287,274,0
287,287,1
287,287,1
287,287,1
287,287,1
287,287,1
287,287,1
287,287,1
287,287,1
287,287,1
287,287,1
287,287,1
287,287,1
287,287,1
287,287,1
287,287,1
287,287,1
287,287,1
287,287,1
287,287,1
287,287,1
287,287,1
287,287,1
287,287,1
287,287,1
287,287,1
287,287,1
287,287,1
287,287,1
287,287,1
287,287,1
287,287,1
287,287,1
287,287,1
287,287,1
287,287,1
287,287,1
287,287,1
287,287,1
287,287,1
287,287,1
287,287,1
287,287,1
287,287,1
287,287,1
287,287,1
287,287,1
287,287,1
287,287,1
287,287,1
287,287,1
287,287,1
287,287,1
287,287,1
287,287,1
287,287,1
287,287,1
287,287,1
287,287,1
287,287,1
287,287,1
287,287,1
287,287,1
287,274,0
287,287,1
287,274,0
287,287,1
287,287,1
287,287,1
287,287,1
287,287,1
287,287,1
287,287,1
287,287,1
287,287,1
287,277,0
287,287,1
287,287,1
287,287,1
287,287,1
287,287,1
287,287,1
287,287,1
287,287,1
287,287,1
287,287,1
287,287,1
287,287,1
287,287,1
287,287,1
287,287,1
287,287,1
287,274,0
287,287,1
287,287,1
287,287,1
287,287,1
287,274,0
287,287,1
287,287,1
287,287,1
287,287,1
287,287,1
287,287,1
287,287,1
287,287,1
287,287,1
287,287,1
287,287,1
287,287,1
287,287,1
287,287,1
287,287,1
287,274,0
287,287,1
287,287,1
287,287,1
287,287,1
287,287,1
287,287,1
287,287,1
287,287,1
287,287,1
287,287,1
287,287,1
287,287,1
287,287,1
287,287,1
287,287,1
287,287,1
287,287,1
287,287,1
287,287,1
287,287,1
287,287,1
287,287,1
287,287,1
287,287,1
287,287,1
287,287,1
287,287,1
287,287,1
287,287,1
287,287,1
287,287,1
287,274,0
287,287,1
287,287,1
287,287,1
287,287,1
287,287,1
287,287,1
287,287,1
287,287,1
287,287,1
287,287,1
287,287,1
287,287,1
287,287,1
287,287,1
287,287,1
287,287,1
287,287,1
287,287,1
287,287,1
287,287,1
287,287,1
287,287,1
287,287,1
287,287,1
287,287,1
287,287,1
287,287,1
287,287,1
287,287,1
287,287,1
287,287,1
287,287,1
287,287,1
287,287,1
287,287,1
287,287,1
287,287,1
287,287,1
287,287,1
287,287,1
287,287,1
287,287,1
287,287,1
287,287,1
287,287,1
287,287,1
287,287,1
287,287,1
287,287,1
287,287,1
287,287,1
287,287,1
287,287,1
287,287,1
287,287,1
287,287,1
287,287,1
287,287,1
287,287,1
287,287,1
287,287,1
287,287,1
287,287,1
287,287,1
287,287,1
287,287,1
287,287,1
287,287,1
287,287,1
287,287,1
287,287,1
287,287,1
287,287,1
287,287,1
287,274,0
287,287,1
287,287,1
287,287,1
287,287,1
287,287,1
287,287,1
287,287,1
287,287,1
287,287,1
287,287,1
287,287,1
287,287,1
287,287,1
287,287,1
287,287,1
287,287,1
287,287,1
287,287,1
287,287,1
287,287,1
287,287,1
287,287,1
287,287,1
287,287,1
287,287,1
287,274,0
287,287,1
287,287,1
287,287,1
287,287,1
287,287,1
287,287,1
287,287,1
287,287,1
287,287,1
287,287,1
287,287,1
287,287,1
287,287,1
287,287,1
287,287,1
287,287,1
287,287,1
287,287,1
287,287,1
287,287,1
287,287,1
287,287,1
287,287,1
287,287,1
287,274,0
287,274,0
287,287,1
287,287,1
287,287,1
287,287,1
287,287,1
287,287,1
287,287,1
287,287,1
287,287,1
287,287,1
287,287,1
287,287,1
287,287,1
287,287,1
287,287,1
287,287,1
287,287,1
287,287,1
287,287,1
287,287,1
287,287,1
287,287,1
287,287,1
287,287,1
287,287,1
287,277,0
287,287,1
287,287,1
287,287,1
287,287,1
287,287,1
287,287,1
287,287,1
287,287,1
287,284,0
287,287,1
287,287,1
287,287,1
287,287,1
287,287,1
287,287,1
287,287,1
287,287,1
287,287,1
287,287,1
287,287,1
287,287,1
287,287,1
287,287,1
287,287,1
287,287,1
287,287,1
287,287,1
287,287,1
287,287,1
287,287,1
287,287,1
287,287,1
287,287,1
287,287,1
287,287,1
287,287,1
287,287,1
287,287,1
287,287,1
287,287,1
287,287,1
287,287,1
287,287,1
287,287,1
287,287,1
287,287,1
287,287,1
287,287,1
287,287,1
287,287,1
287,287,1
287,287,1
287,287,1
287,287,1
287,287,1
287,287,1
287,287,1
287,287,1
287,287,1
287,287,1
287,287,1
287,287,1
287,287,1
287,287,1
287,287,1
287,287,1
287,287,1
287,287,1
287,287,1
287,287,1
287,287,1
287,287,1
287,287,1
287,287,1
287,287,1
287,287,1
287,287,1
287,287,1
287,287,1
287,287,1
287,287,1
287,287,1
287,287,1
287,287,1
287,287,1
287,287,1
287,287,1
287,287,1
287,287,1
287,287,1
287,287,1
287,287,1
287,287,1
287,287,1
287,287,1
287,287,1
287,287,1
287,287,1
287,287,1
287,287,1
287,287,1
287,287,1
287,287,1
287,287,1
287,287,1
287,287,1
287,287,1
287,287,1
287,287,1
287,287,1
287,287,1
287,287,1
287,287,1
287,287,1
287,287,1
287,287,1
287,287,1
287,287,1
287,287,1
287,287,1
287,287,1
287,287,1
287,287,1
287,287,1
287,287,1
287,287,1
287,287,1
287,287,1
287,287,1
287,287,1
287,287,1
287,287,1
287,287,1
287,287,1
287,287,1
287,287,1
287,287,1
287,287,1
287,287,1
287,287,1
287,287,1
287,287,1
287,287,1
287,287,1
287,287,1
287,287,1
287,287,1
287,287,1
287,287,1
287,287,1
287,287,1
287,287,1
287,287,1
287,287,1
287,274,0
287,287,1
287,287,1
287,287,1
287,287,1
287,287,1
287,287,1
287,287,1
287,287,1
287,287,1
287,287,1
287,274,0
287,287,1
287,287,1
287,287,1
287,287,1
287,287,1
287,287,1
287,287,1
287,287,1
287,287,1
287,287,1
287,287,1
287,287,1
287,287,1
287,287,1
287,287,1
287,287,1
287,287,1
287,287,1
287,287,1
287,287,1
287,287,1
287,287,1
287,287,1
287,287,1
287,287,1
287,284,0
287,287,1
287,287,1
287,287,1
287,287,1
287,287,1
287,287,1
287,287,1
287,287,1
287,287,1
287,287,1
287,287,1
287,287,1
287,287,1
287,287,1
287,287,1
287,287,1
287,287,1
287,287,1
287,287,1
287,287,1
287,287,1
287,287,1
287,287,1
287,287,1
287,287,1
287,287,1
287,287,1
287,287,1
287,287,1
287,287,1
287,287,1
287,287,1
287,287,1
287,287,1
287,287,1
287,287,1
287,287,1
287,287,1
287,287,1
287,274,0
287,287,1
287,287,1
287,287,1
287,287,1
287,287,1
287,277,0
287,287,1
287,287,1
287,287,1
287,287,1
287,287,1
287,287,1
287,287,1
287,287,1
287,287,1
287,287,1
287,287,1
287,287,1
287,287,1
287,287,1
287,287,1
287,287,1
287,277,0
287,287,1
287,287,1
287,287,1
287,287,1
287,287,1
287,287,1
287,287,1
287,287,1
287,287,1
287,287,1
287,287,1
287,287,1
287,287,1
287,287,1
287,287,1
287,287,1
287,287,1
287,287,1
287,287,1
287,287,1
287,287,1
287,274,0
287,287,1
287,287,1
287,287,1
287,287,1
287,287,1
287,287,1
287,287,1
287,287,1
287,287,1
287,287,1
287,287,1
287,287,1
287,287,1
287,287,1
287,287,1
287,287,1
287,287,1
287,287,1
287,287,1
287,274,0
287,287,1
287,287,1
287,287,1
287,287,1
287,274,0
287,287,1
287,287,1
287,287,1
287,287,1
287,287,1
287,274,0
287,287,1
287,287,1
287,287,1
287,287,1
287,287,1
287,287,1
287,287,1
287,287,1
287,287,1
287,287,1
287,287,1
287,287,1
287,287,1
287,287,1
287,287,1
287,287,1
287,287,1
287,287,1
287,287,1
287,287,1
287,287,1
287,287,1
287,287,1
287,287,1
287,287,1
287,287,1
287,287,1
287,287,1
287,287,1
287,287,1
287,287,1
287,287,1
287,287,1
287,287,1
287,274,0
287,287,1
287,287,1
287,287,1
287,287,1
287,287,1
287,287,1
287,287,1
287,287,1
287,287,1
287,287,1
287,287,1
287,287,1
287,287,1
287,287,1
287,287,1
287,287,1
287,287,1
287,287,1
287,287,1
287,287,1
287,284,0
287,287,1
287,287,1
287,287,1
287,287,1
287,287,1
287,287,1
287,287,1
287,287,1
287,287,1
287,287,1
287,287,1
287,277,0
287,287,1
287,287,1
287,287,1
287,287,1
287,287,1
287,287,1
287,287,1
287,287,1
287,287,1
287,287,1
287,287,1
287,287,1
287,287,1
287,287,1
287,287,1
287,287,1
287,287,1
287,287,1
287,287,1
287,287,1
287,287,1
287,287,1
287,287,1
287,287,1
287,287,1
287,287,1
287,287,1
287,287,1
287,287,1
287,287,1
287,287,1
287,287,1
287,287,1
287,287,1
287,287,1
287,287,1
287,287,1
287,287,1
287,287,1
287,287,1
287,287,1
287,287,1
287,287,1
287,287,1
287,287,1
287,287,1
287,287,1
287,287,1
287,274,0
287,287,1
287,287,1
287,287,1
287,287,1
287,287,1
287,287,1
287,287,1
287,284,0
287,287,1
287,287,1
287,287,1
287,287,1
287,287,1
287,287,1
287,287,1
287,274,0
287,287,1
287,287,1
287,287,1
287,287,1
287,287,1
287,287,1
287,287,1
287,287,1
287,287,1
287,287,1
287,287,1
287,287,1
287,287,1
287,287,1
287,287,1
287,287,1
287,287,1
287,287,1
287,287,1
287,287,1
287,287,1
287,287,1
287,287,1
287,287,1
287,287,1
287,287,1
287,287,1
287,287,1
287,287,1
287,287,1
287,287,1
287,287,1
287,287,1
287,287,1
287,287,1
287,287,1
287,287,1
287,287,1
287,287,1
287,287,1
287,274,0
287,287,1
287,287,1
287,287,1
287,287,1
287,287,1
287,287,1
287,287,1
287,287,1
287,287,1
287,287,1
287,287,1
287,287,1
287,287,1
287,287,1
287,287,1
287,287,1
287,287,1
287,287,1
287,287,1
287,287,1
287,287,1
287,287,1
287,287,1
287,287,1
287,287,1
287,287,1
287,287,1
287,287,1
287,287,1
287,287,1
287,287,1
287,287,1
287,287,1
287,287,1
287,287,1
287,287,1
287,287,1
287,274,0
287,287,1
287,287,1
287,287,1
287,287,1
287,287,1
287,287,1
287,287,1
287,287,1
287,287,1
287,287,1
287,287,1
287,287,1
287,287,1
287,287,1
287,287,1
287,287,1
287,287,1
287,287,1
287,274,0
287,287,1
287,287,1
287,287,1
287,287,1
287,287,1
287,287,1
287,287,1
287,287,1
287,287,1
287,287,1
287,287,1
287,287,1
287,287,1
287,287,1
287,287,1
287,287,1
287,287,1
287,287,1
287,287,1
287,287,1
287,277,0
287,287,1
287,287,1
287,287,1
287,287,1
287,287,1
287,287,1
287,287,1
287,287,1
287,287,1
287,287,1
287,287,1
287,287,1
287,287,1
287,287,1
287,287,1
287,287,1
287,287,1
287,287,1
287,287,1
287,287,1
287,287,1
287,287,1
287,287,1
287,287,1
287,287,1
287,277,0
287,287,1
287,287,1
287,287,1
287,287,1
287,287,1
287,287,1
287,287,1
287,287,1
287,287,1
287,287,1
287,287,1
287,287,1
287,274,0
287,287,1
287,287,1
287,287,1
287,287,1
287,287,1
287,287,1
287,287,1
287,287,1
287,287,1
287,287,1
287,287,1
287,287,1
287,287,1
287,287,1
287,287,1
287,274,0
287,287,1
287,287,1
287,287,1
287,287,1
287,287,1
287,287,1
287,287,1
287,274,0
287,287,1
287,287,1
287,287,1
287,287,1
287,287,1
287,287,1
287,287,1
287,287,1
287,287,1
287,287,1
287,287,1
287,287,1
287,287,1
287,287,1
287,287,1
287,287,1
287,287,1
287,287,1
287,287,1
287,287,1
287,287,1
287,287,1
287,287,1
287,287,1
287,287,1
287,287,1
287,287,1
287,287,1
287,287,1
287,287,1
287,287,1
287,287,1
287,287,1
287,287,1
287,287,1
287,287,1
287,287,1
287,287,1
287,287,1
287,287,1
287,287,1
287,287,1
287,287,1
287,287,1
287,287,1
287,284,0
287,287,1
287,287,1
287,287,1
287,287,1
287,287,1
287,287,1
287,287,1
287,287,1
287,287,1
287,287,1
287,287,1
287,287,1
287,287,1
287,287,1
287,287,1
287,287,1
287,287,1
287,287,1
287,287,1
287,287,1
287,287,1
287,287,1
287,287,1
287,287,1
287,287,1
287,287,1
287,287,1
287,274,0
287,287,1
287,287,1
287,287,1
287,287,1
287,287,1
287,287,1
287,287,1
287,287,1
287,287,1
287,287,1
287,287,1
287,287,1
287,287,1
287,287,1
287,287,1
287,287,1
287,287,1
287,287,1
287,287,1
287,287,1
287,287,1
287,287,1
287,287,1
287,287,1
287,287,1
287,287,1
287,287,1
287,287,1
287,287,1
287,287,1
287,287,1
287,287,1
287,287,1
287,287,1
287,287,1
287,287,1
287,287,1
287,287,1
287,287,1
287,287,1
287,287,1
287,287,1
287,287,1
287,287,1
287,287,1
287,287,1
287,287,1
287,287,1
287,287,1
287,287,1
287,287,1
287,287,1
287,287,1
287,287,1
287,287,1
287,287,1
287,287,1
287,287,1
287,287,1
287,287,1
287,287,1
287,287,1
287,287,1
287,287,1
287,287,1
287,287,1
287,287,1
287,287,1
287,287,1
287,287,1
287,287,1
287,287,1
287,287,1
287,287,1
287,287,1
287,287,1
287,287,1
287,287,1
287,287,1
287,287,1
287,287,1
287,274,0
287,287,1
287,287,1
287,287,1
287,287,1
287,287,1
287,287,1
287,287,1
287,287,1
287,287,1
287,287,1
287,287,1
287,287,1
287,287,1
287,287,1
287,287,1
287,287,1
287,287,1
287,287,1
287,287,1
287,287,1
287,287,1
287,287,1
287,287,1
287,287,1
287,274,0
287,287,1
287,287,1
287,287,1
287,287,1
287,287,1
287,287,1
287,287,1
287,287,1
287,287,1
287,287,1
287,287,1
287,287,1
287,287,1
287,287,1
287,287,1
287,287,1
287,287,1
287,287,1
287,287,1
287,287,1
287,287,1
287,287,1
287,287,1
287,287,1
287,287,1
287,287,1
287,287,1
287,287,1
287,287,1
287,287,1
287,287,1
287,287,1
287,287,1
287,287,1
287,287,1
287,287,1
287,287,1
287,287,1
287,287,1
287,284,0
287,284,0
287,287,1
287,287,1
287,287,1
287,287,1
287,287,1
287,287,1
287,287,1
287,287,1
287,284,0
287,287,1
287,274,0
287,287,1
287,287,1
287,287,1
287,287,1
287,287,1
287,287,1
287,287,1
287,287,1
287,287,1
287,287,1
287,287,1
287,287,1
287,287,1
287,287,1
287,287,1
287,274,0
287,287,1
287,287,1
287,287,1
287,287,1
287,287,1
287,287,1
287,287,1
287,287,1
287,287,1
287,287,1
287,287,1
287,287,1
287,287,1
287,287,1
287,287,1
287,274,0
287,287,1
287,287,1
287,287,1
287,287,1
287,287,1
287,287,1
287,287,1
287,287,1
287,287,1
287,287,1
287,287,1
287,287,1
287,287,1
287,287,1
287,287,1
287,287,1
287,287,1
287,287,1
287,287,1
287,287,1
287,287,1
287,287,1
287,287,1
287,287,1
287,287,1
287,287,1
287,287,1
287,287,1
287,287,1
287,287,1
287,287,1
287,287,1
287,274,0
287,287,1
287,287,1
287,287,1
287,287,1
287,287,1
287,287,1
287,287,1
287,287,1
287,287,1
287,287,1
287,287,1
287,287,1
287,287,1
287,287,1
287,287,1
287,287,1
287,287,1
287,287,1
287,287,1
287,287,1
287,287,1
287,287,1
287,287,1
287,287,1
287,287,1
287,287,1
287,287,1
287,287,1
287,287,1
287,287,1
287,287,1
287,287,1
287,287,1
287,287,1
287,287,1
287,287,1
287,287,1
287,287,1
287,287,1
287,287,1
287,287,1
287,287,1
287,287,1
287,287,1
287,284,0
287,287,1
287,274,0
287,287,1
287,287,1
287,287,1
287,287,1
287,287,1
287,287,1
287,287,1
287,274,0
287,287,1
287,287,1
287,287,1
287,287,1
287,287,1
287,287,1
287,287,1
287,287,1
287,287,1
287,287,1
287,287,1
287,287,1
287,287,1
287,287,1
287,287,1
287,287,1
287,287,1
287,287,1
287,287,1
287,287,1
287,287,1
287,287,1
287,287,1
287,287,1
287,287,1
287,287,1
287,287,1
287,287,1
287,287,1
287,287,1
287,287,1
287,287,1
287,287,1
287,287,1
287,287,1
287,287,1
287,274,0
287,287,1
287,287,1
287,287,1
287,287,1
287,287,1
287,287,1
287,287,1
287,287,1
287,287,1
287,287,1
287,287,1
287,287,1
287,287,1
287,287,1
287,287,1
287,287,1
287,287,1
287,287,1
287,287,1
287,287,1
287,287,1
287,287,1
287,287,1
287,287,1
287,287,1
287,287,1
287,287,1
287,287,1
287,287,1
287,287,1
287,287,1
287,287,1
287,287,1
287,287,1
287,287,1
287,287,1
287,287,1
287,287,1
287,287,1
287,287,1
287,287,1
287,287,1
287,287,1
287,287,1
287,287,1
287,287,1
287,287,1
287,287,1
287,287,1
287,287,1
287,287,1
287,287,1
287,287,1
287,287,1
287,287,1
287,287,1
287,287,1
287,287,1
287,287,1
287,287,1
287,287,1
287,287,1
287,287,1
287,287,1
287,287,1
287,287,1
287,287,1
287,287,1
287,287,1
287,287,1
287,287,1
287,287,1
287,287,1
287,287,1
287,287,1
287,287,1
287,287,1
287,287,1
287,287,1
287,287,1
287,287,1
287,287,1
287,284,0
287,287,1
287,287,1
287,287,1
287,274,0
287,274,0
287,287,1
287,287,1
287,287,1
287,287,1
287,287,1
287,287,1
287,287,1
287,274,0
287,287,1
287,287,1
287,287,1
287,287,1
287,287,1
287,287,1
287,287,1
287,287,1
287,287,1
287,287,1
287,287,1
287,287,1
287,287,1
287,287,1
287,287,1
287,287,1
287,287,1
287,287,1
287,287,1
287,287,1
287,287,1
287,274,0
287,287,1
287,287,1
287,287,1
287,287,1
287,287,1
287,287,1
287,287,1
287,274,0
287,287,1
287,287,1
287,287,1
287,287,1
287,287,1
287,287,1
287,287,1
287,287,1
287,287,1
287,287,1
287,287,1
287,287,1
287,287,1
287,287,1
287,287,1
287,274,0
287,287,1
287,287,1
287,287,1
287,287,1
287,287,1
287,287,1
287,287,1
287,287,1
287,287,1
287,287,1
287,287,1
287,287,1
287,287,1
287,287,1
287,287,1
287,287,1
287,277,0
287,287,1
287,287,1
287,287,1
287,274,0
287,287,1
287,287,1
287,287,1
287,287,1
287,287,1
287,287,1
287,274,0
287,287,1
287,287,1
287,287,1
287,287,1
287,287,1
287,287,1
287,287,1
287,287,1
287,287,1
287,287,1
287,287,1
287,287,1
287,287,1
287,287,1
287,287,1
287,287,1
287,287,1
287,287,1
287,287,1
287,277,0
287,287,1
287,287,1
287,287,1
287,287,1
287,287,1
287,287,1
287,287,1
287,287,1
287,287,1
287,287,1
287,287,1
287,287,1
287,287,1
287,287,1
287,287,1
287,287,1
287,287,1
287,287,1
287,287,1
287,287,1
287,287,1
287,287,1
287,287,1
287,287,1
287,287,1
287,287,1
287,287,1
287,287,1
287,287,1
287,287,1
287,287,1
287,287,1
287,287,1
287,287,1
287,287,1
287,287,1
287,287,1
287,287,1
287,287,1
287,287,1
287,277,0
287,287,1
287,287,1
287,287,1
287,287,1
287,287,1
287,287,1
287,287,1
287,287,1
287,287,1
287,287,1
287,274,0
287,287,1
287,287,1
287,277,0
287,287,1
287,287,1
287,287,1
287,287,1
287,287,1
287,287,1
287,287,1
287,287,1
287,287,1
287,287,1
287,287,1
287,287,1
287,287,1
287,287,1
287,287,1
287,287,1
287,287,1
287,287,1
287,287,1
287,287,1
287,287,1
287,287,1
287,287,1
287,287,1
287,287,1
287,287,1
287,287,1
287,287,1
287,287,1
287,274,0
287,287,1
287,287,1
287,287,1
287,287,1
287,287,1
287,287,1
287,287,1
287,287,1
287,287,1
287,287,1
287,287,1
287,287,1
287,287,1
287,287,1
287,274,0
287,287,1
287,287,1
287,287,1
287,287,1
287,287,1
287,287,1
287,287,1
287,287,1
287,287,1
287,287,1
287,287,1
287,287,1
287,287,1
287,287,1
287,287,1
287,287,1
287,287,1
287,287,1
287,287,1
287,287,1
287,287,1
287,287,1
287,287,1
287,287,1
287,287,1
287,287,1
287,287,1
287,287,1
287,287,1
287,287,1
287,287,1
287,287,1
287,287,1
287,287,1
287,287,1
287,287,1
287,287,1
287,287,1
287,287,1
287,287,1
287,287,1
287,287,1
287,287,1
287,287,1
287,287,1
287,287,1
287,287,1
287,287,1
287,287,1
287,287,1
287,287,1
287,287,1
287,287,1
287,287,1
287,287,1
287,287,1
287,287,1
287,287,1
287,287,1
287,287,1
287,287,1
287,287,1
287,287,1
287,284,0
287,287,1
287,287,1
287,287,1
287,287,1
287,287,1
287,287,1
287,287,1
287,287,1
287,287,1
287,287,1
287,287,1
287,287,1
287,277,0
287,287,1
287,287,1
287,287,1
287,287,1
287,287,1
287,287,1
287,287,1
287,287,1
287,287,1
287,287,1
287,287,1
287,287,1
287,287,1
287,287,1
287,287,1
287,287,1
287,287,1
287,287,1
287,287,1
287,287,1
287,287,1
287,287,1
287,287,1
287,287,1
287,287,1
287,287,1
287,287,1
287,287,1
287,287,1
287,287,1
287,287,1
287,287,1
287,287,1
287,287,1
287,287,1
287,287,1
287,287,1
284,284,1
284,277,0
284,284,1
284,284,1
284,284,1
284,284,1
284,284,1
284,284,1
284,284,1
284,284,1
284,284,1
284,284,1
284,284,1
284,284,1
284,284,1
284,284,1
284,277,0
284,284,1
284,284,1
284,284,1
284,284,1
284,284,1
284,284,1
284,284,1
284,284,1
284,284,1
284,284,1
284,284,1
284,284,1
284,284,1
284,277,0
284,284,1
284,284,1
284,284,1
284,284,1
284,284,1
284,284,1
284,284,1
284,284,1
284,284,1
284,284,1
284,284,1
284,284,1
284,277,0
284,284,1
284,284,1
284,284,1
284,284,1
284,284,1
284,284,1
284,284,1
284,284,1
284,284,1
284,277,0
284,284,1
284,284,1
284,277,0
284,284,1
284,284,1
284,284,1
284,284,1
284,284,1
284,284,1
284,284,1
284,284,1
284,284,1
284,277,0
284,284,1
284,284,1
284,284,1
284,284,1
284,284,1
284,284,1
284,284,1
284,284,1
284,284,1
284,284,1
284,284,1
284,284,1
284,284,1
284,284,1
284,277,0
284,284,1
284,284,1
284,284,1
284,284,1
284,284,1
284,284,1
284,277,0
284,284,1
284,284,1
284,284,1
284,284,1
284,284,1
284,284,1
284,284,1
284,284,1
284,284,1
284,284,1
284,284,1
284,284,1
284,284,1
284,284,1
284,284,1
284,284,1
284,284,1
284,284,1
284,277,0
284,284,1
284,284,1
284,284,1
284,284,1
284,284,1
284,284,1
284,284,1
284,284,1
284,284,1
284,284,1
284,284,1
284,284,1
284,284,1
284,284,1
284,284,1
284,284,1
284,277,0
284,284,1
284,284,1
284,284,1
284,284,1
284,284,1
284,277,0
284,284,1
284,284,1
284,284,1
284,284,1
284,284,1
284,277,0
284,284,1
284,284,1
284,284,1
284,284,1
284,284,1
284,284,1
284,284,1
284,284,1
284,284,1
284,284,1
284,284,1
284,284,1
284,277,0
284,284,1
284,284,1
284,284,1
284,284,1
284,284,1
284,284,1
284,284,1
284,284,1
284,284,1
284,284,1
284,284,1
284,284,1
284,277,0
284,284,1
284,284,1
284,284,1
284,284,1
284,284,1
284,284,1
284,284,1
284,284,1
284,284,1
284,284,1
284,284,1
284,284,1
284,284,1
284,284,1
284,284,1
284,284,1
284,284,1
284,284,1
284,284,1
284,284,1
284,284,1
284,284,1
284,284,1
284,284,1
284,284,1
284,284,1
284,284,1
284,284,1
284,284,1
284,284,1
284,284,1
284,284,1
284,284,1
284,284,1
284,284,1
284,284,1
284,284,1
284,284,1
284,284,1
284,284,1
284,284,1
284,284,1
284,284,1
284,284,1
284,284,1
284,284,1
284,284,1
284,277,0
284,284,1
284,284,1
284,284,1
284,284,1
284,284,1
284,284,1
284,284,1
284,284,1
284,284,1
284,284,1
284,284,1
284,284,1
284,284,1
284,284,1
284,284,1
284,284,1
284,284,1
284,284,1
284,284,1
284,277,0
284,284,1
284,284,1
284,284,1
284,284,1
284,284,1
284,284,1
284,284,1
284,284,1
284,284,1
284,284,1
284,284,1
284,284,1
284,284,1
284,277,0
284,284,1
284,277,0
284,284,1
284,284,1
284,284,1
284,284,1
284,284,1
284,284,1
284,284,1
284,284,1
284,277,0
284,284,1
284,274,0
284,284,1
284,284,1
284,284,1
284,284,1
284,284,1
284,284,1
284,284,1
284,284,1
284,284,1
284,277,0
284,284,1
284,284,1
284,284,1
284,284,1
284,284,1
284,284,1
284,284,1
284,284,1
284,284,1
284,284,1
284,284,1
284,284,1
284,284,1
284,284,1
284,284,1
284,284,1
284,284,1
284,284,1
284,284,1
284,284,1
284,284,1
284,284,1
284,284,1
284,284,1
284,284,1
284,284,1
284,277,0
284,284,1
284,284,1
284,284,1
284,284,1
284,284,1
284,284,1
284,284,1
284,284,1
284,284,1
284,284,1
284,284,1
284,284,1
284,284,1
284,284,1
284,284,1
284,284,1
284,284,1
284,284,1
284,284,1
284,284,1
284,284,1
284,284,1
284,284,1
284,284,1
284,284,1
284,284,1
284,284,1
284,284,1
284,284,1
284,284,1
284,284,1
284,284,1
284,284,1
284,284,1
284,284,1
284,284,1
284,284,1
284,284,1
284,284,1
284,284,1
284,284,1
284,284,1
284,284,1
284,284,1
284,284,1
284,284,1
284,284,1
284,284,1
284,284,1
284,284,1
284,284,1
284,277,0
284,284,1
284,284,1
284,284,1
284,284,1
284,284,1
284,284,1
284,284,1
284,284,1
284,284,1
284,284,1
284,284,1
284,284,1
284,284,1
284,284,1
284,284,1
284,284,1
284,284,1
284,284,1
284,284,1
284,284,1
284,284,1
284,284,1
284,284,1
284,284,1
284,284,1
284,284,1
284,284,1
284,284,1
284,284,1
284,284,1
284,277,0
284,284,1
284,284,1
284,284,1
284,284,1
284,284,1
284,284,1
284,284,1
284,284,1
284,284,1
284,277,0
284,284,1
284,284,1
284,284,1
284,284,1
284,284,1
284,277,0
284,277,0
284,284,1
284,284,1
284,277,0
284,284,1
284,284,1
284,284,1
284,284,1
284,284,1
284,284,1
284,284,1
284,284,1
284,284,1
284,284,1
284,284,1
284,284,1
284,284,1
284,284,1
284,277,0
284,284,1
284,284,1
284,284,1
284,284,1
284,284,1
284,284,1
284,284,1
284,284,1
284,284,1
284,284,1
284,284,1
284,284,1
284,284,1
284,284,1
284,284,1
284,284,1
284,284,1
284,284,1
284,284,1
284,284,1
284,284,1
284,284,1
284,284,1
284,284,1
284,284,1
284,284,1
284,284,1
284,284,1
284,277,0
284,284,1
284,284,1
284,284,1
284,284,1
284,284,1
284,284,1
284,284,1
284,284,1
284,284,1
284,284,1
284,284,1
284,284,1
284,284,1
284,284,1
284,284,1
284,284,1
284,284,1
284,284,1
284,277,0
284,284,1
284,284,1
284,284,1
284,284,1
284,284,1
284,284,1
284,284,1
284,284,1
284,284,1
284,284,1
284,284,1
284,284,1
284,284,1
284,284,1
284,284,1
284,284,1
284,284,1
284,284,1
284,284,1
284,284,1
284,284,1
284,277,0
284,284,1
284,284,1
284,284,1
284,277,0
284,277,0
284,284,1
284,284,1
284,284,1
284,284,1
284,284,1
284,284,1
284,284,1
284,284,1
284,284,1
284,284,1
284,284,1
284,284,1
284,284,1
284,284,1
284,284,1
284,284,1
284,284,1
284,284,1
284,284,1
284,284,1
284,284,1
284,284,1
284,284,1
284,284,1
284,284,1
284,284,1
284,284,1
284,284,1
284,284,1
284,284,1
284,284,1
284,284,1
284,284,1
284,284,1
284,284,1
284,284,1
284,284,1
284,284,1
284,284,1
284,284,1
284,277,0
284,284,1
284,284,1
284,277,0
284,284,1
284,284,1
284,284,1
284,284,1
284,284,1
284,284,1
284,284,1
284,284,1
284,284,1
284,284,1
284,284,1
284,284,1
284,277,0
284,284,1
284,284,1
284,284,1
284,284,1
284,284,1
284,284,1
284,284,1
284,284,1
284,284,1
284,284,1
284,284,1
284,284,1
284,284,1
284,284,1
284,284,1
284,284,1
284,284,1
284,277,0
284,284,1
284,284,1
284,284,1
284,284,1
284,284,1
284,284,1
284,284,1
284,284,1
284,284,1
284,284,1
284,284,1
284,284,1
284,284,1
284,284,1
284,284,1
284,284,1
284,284,1
284,284,1
284,284,1
284,284,1
284,284,1
284,284,1
284,284,1
284,284,1
284,284,1
284,284,1
284,284,1
284,284,1
284,284,1
284,284,1
284,284,1
284,284,1
284,284,1
284,284,1
284,284,1
284,284,1
284,284,1
284,284,1
284,284,1
284,284,1
284,284,1
284,284,1
284,277,0
284,284,1
284,284,1
284,284,1
284,284,1
284,284,1
284,284,1
284,284,1
284,284,1
284,284,1
284,284,1
284,284,1
284,284,1
284,284,1
284,284,1
284,284,1
284,284,1
284,284,1
284,284,1
284,277,0
284,284,1
284,284,1
284,284,1
284,284,1
284,284,1
284,284,1
284,284,1
284,284,1
284,284,1
284,284,1
284,284,1
284,284,1
284,284,1
284,284,1
284,284,1
284,277,0
284,284,1
284,284,1
284,284,1
284,284,1
284,284,1
284,284,1
284,284,1
284,284,1
284,284,1
284,284,1
284,284,1
284,284,1
284,277,0
284,284,1
284,284,1
284,284,1
284,284,1
284,284,1
284,284,1
284,277,0
284,284,1
284,284,1
284,284,1
284,284,1
284,284,1
284,284,1
284,284,1
284,284,1
284,284,1
284,284,1
284,284,1
284,284,1
284,284,1
284,284,1
284,284,1
284,284,1
284,284,1
284,277,0
284,284,1
284,284,1
284,284,1
284,284,1
284,284,1
284,284,1
284,284,1
284,284,1
284,284,1
284,284,1
284,284,1
284,284,1
284,284,1
284,284,1
284,284,1
284,284,1
284,284,1
284,284,1
284,284,1
284,284,1
284,284,1
284,284,1
284,284,1
284,277,0
284,284,1
284,277,0
284,284,1
284,284,1
284,284,1
284,284,1
284,284,1
284,284,1
284,284,1
284,277,0
284,284,1
284,284,1
284,284,1
284,284,1
284,284,1
284,284,1
284,277,0
284,284,1
284,284,1
284,284,1
284,284,1
284,284,1
284,284,1
284,284,1
284,284,1
284,284,1
284,284,1
284,284,1
284,284,1
284,284,1
284,284,1
284,284,1
284,284,1
284,277,0
284,284,1
284,284,1
284,284,1
284,284,1
284,277,0
284,284,1
284,284,1
284,284,1
284,284,1
284,284,1
284,284,1
284,284,1
284,284,1
284,277,0
284,284,1
284,284,1
284,284,1
284,284,1
284,284,1
284,284,1
284,284,1
284,277,0
284,284,1
284,284,1
284,284,1
284,284,1
284,284,1
284,284,1
284,284,1
284,284,1
284,284,1
284,284,1
284,284,1
284,284,1
284,284,1
284,284,1
284,284,1
284,284,1
284,277,0
284,284,1
284,284,1
284,284,1
284,284,1
284,284,1
284,284,1
284,284,1
284,284,1
284,284,1
284,284,1
284,277,0
284,284,1
284,284,1
284,284,1
284,284,1
284,284,1
284,284,1
284,284,1
284,284,1
284,284,1
284,284,1
284,284,1
284,277,0
284,284,1
284,284,1
284,284,1
284,284,1
284,284,1
284,284,1
284,284,1
284,284,1
284,284,1
284,284,1
284,284,1
284,284,1
284,284,1
284,284,1
284,284,1
284,284,1
284,284,1
284,284,1
284,284,1
284,284,1
284,284,1
284,284,1
284,284,1
284,284,1
284,284,1
284,284,1
284,284,1
284,284,1
284,284,1
284,284,1
284,284,1
284,284,1
284,284,1
284,284,1
284,284,1
284,284,1
284,284,1
284,284,1
284,284,1
284,284,1
284,284,1
284,277,0
284,284,1
284,284,1
284,284,1
284,284,1
284,277,0
284,284,1
284,284,1
284,284,1
284,277,0
284,284,1
284,284,1
284,284,1
284,284,1
284,277,0
284,284,1
284,284,1
284,284,1
284,284,1
284,284,1
284,284,1
284,284,1
284,284,1
284,277,0
284,284,1
284,284,1
284,284,1
284,284,1
284,284,1
284,284,1
284,284,1
284,284,1
284,284,1
284,284,1
284,284,1
284,284,1
284,284,1
284,284,1
284,284,1
284,284,1
284,284,1
284,284,1
284,284,1
284,284,1
284,284,1
284,284,1
284,284,1
284,284,1
284,284,1
284,284,1
284,284,1
284,284,1
284,284,1
284,284,1
284,284,1
284,284,1
284,284,1
284,284,1
284,284,1
284,284,1
284,284,1
284,284,1
284,284,1
284,277,0
284,284,1
284,284,1
284,284,1
284,284,1
284,284,1
284,284,1
284,284,1
284,284,1
284,284,1
284,284,1
284,284,1
284,284,1
284,284,1
284,284,1
284,284,1
284,284,1
284,284,1
284,284,1
284,284,1
284,284,1
284,284,1
284,284,1
284,284,1
284,284,1
284,284,1
284,277,0
284,284,1
284,277,0
284,284,1
284,277,0
284,284,1
284,277,0
284,284,1
284,284,1
284,284,1
284,284,1
284,284,1
284,284,1
284,284,1
284,284,1
284,284,1
284,284,1
284,284,1
284,284,1
284,284,1
284,284,1
284,284,1
284,284,1
284,284,1
284,284,1
284,284,1
284,284,1
284,277,0
284,284,1
284,284,1
284,284,1
284,284,1
284,284,1
284,284,1
284,284,1
284,277,0
284,284,1
284,277,0
284,284,1
284,284,1
284,284,1
284,284,1
284,284,1
284,284,1
284,284,1
284,284,1
284,284,1
284,284,1
284,284,1
284,277,0
284,284,1
284,284,1
284,284,1
284,284,1
284,284,1
284,284,1
284,284,1
284,284,1
284,284,1
284,284,1
284,284,1
284,284,1
284,284,1
284,284,1
284,284,1
284,284,1
284,284,1
284,284,1
284,284,1
284,284,1
284,284,1
284,284,1
284,284,1
284,277,0
284,284,1
284,284,1
284,284,1
284,284,1
284,284,1
284,284,1
284,284,1
284,277,0
284,284,1
284,284,1
284,284,1
284,284,1
284,284,1
284,284,1
284,284,1
284,284,1
284,284,1
284,284,1
284,284,1
284,284,1
284,284,1
284,284,1
284,284,1
284,284,1
284,284,1
284,284,1
284,284,1
284,284,1
284,284,1
284,284,1
284,277,0
284,284,1
284,284,1
284,284,1
284,284,1
284,284,1
284,284,1
284,284,1
284,284,1
284,284,1
284,284,1
284,277,0
284,284,1
284,284,1
284,277,0
284,284,1
284,284,1
284,284,1
284,284,1
284,284,1
284,284,1
284,284,1
284,284,1
284,284,1
284,284,1
284,284,1
284,284,1
284,284,1
284,284,1
284,284,1
284,284,1
284,284,1
284,284,1
284,284,1
284,284,1
284,284,1
284,284,1
284,284,1
284,284,1
284,284,1
284,284,1
284,284,1
284,277,0
284,274,0
284,284,1
284,284,1
284,284,1
284,284,1
284,284,1
284,284,1
284,284,1
284,284,1
284,284,1
284,284,1
284,284,1
284,284,1
284,284,1
284,284,1
284,284,1
284,284,1
284,284,1
284,284,1
284,284,1
284,284,1
284,284,1
284,284,1
284,284,1
284,284,1
284,284,1
284,284,1
284,284,1
284,284,1
284,284,1
284,284,1
284,284,1
284,284,1
284,284,1
284,284,1
284,284,1
284,284,1
284,284,1
284,284,1
284,277,0
284,284,1
284,284,1
284,284,1
284,284,1
284,284,1
284,284,1
284,284,1
284,284,1
284,284,1
284,284,1
284,284,1
284,284,1
284,277,0
284,284,1
284,284,1
284,284,1
284,284,1
284,284,1
284,284,1
284,284,1
284,284,1
284,284,1
284,284,1
284,284,1
284,284,1
284,284,1
284,284,1
284,284,1
284,284,1
284,277,0
284,284,1
284,284,1
284,284,1
284,284,1
284,284,1
284,284,1
284,284,1
284,284,1
284,284,1
284,284,1
284,284,1
284,277,0
284,284,1
284,284,1
284,284,1
284,284,1
284,284,1
284,284,1
284,284,1
284,284,1
284,284,1
284,284,1
284,284,1
284,284,1
284,284,1
284,284,1
284,284,1
284,284,1
284,277,0
284,284,1
284,284,1
284,284,1
284,284,1
284,284,1
284,284,1
284,284,1
284,284,1
284,284,1
284,284,1
284,284,1
284,284,1
284,284,1
284,284,1
284,284,1
284,284,1
284,284,1
284,284,1
284,284,1
284,284,1
284,284,1
284,284,1
284,284,1
284,284,1
284,284,1
284,284,1
284,284,1
284,284,1
284,277,0
284,284,1
284,284,1
284,284,1
284,284,1
284,277,0
284,284,1
284,284,1
284,284,1
284,284,1
284,284,1
284,284,1
284,284,1
284,284,1
284,284,1
284,284,1
284,284,1
284,284,1
284,284,1
284,277,0
284,284,1
284,277,0
284,284,1
284,284,1
284,284,1
284,284,1
284,284,1
284,284,1
284,284,1
284,284,1
284,284,1
284,284,1
284,284,1
284,284,1
284,284,1
284,284,1
284,277,0
284,284,1
284,284,1
284,277,0
284,284,1
284,284,1
284,284,1
284,284,1
284,284,1
284,284,1
284,284,1
284,284,1
284,284,1
284,284,1
284,284,1
284,284,1
284,284,1
284,284,1
284,284,1
284,284,1
284,284,1
284,277,0
284,284,1
284,284,1
284,277,0
284,284,1
284,284,1
284,284,1
284,284,1
284,284,1
284,284,1
284,284,1
284,284,1
284,284,1
284,284,1
284,284,1
284,284,1
284,284,1
284,284,1
284,284,1
284,284,1
284,284,1
284,284,1
284,284,1
284,284,1
284,284,1
284,284,1
284,284,1
284,284,1
284,277,0
284,284,1
284,284,1
284,284,1
284,284,1
284,284,1
284,284,1
284,284,1
284,284,1
284,284,1
284,284,1
284,277,0
284,284,1
284,284,1
284,284,1
284,277,0
284,284,1
284,277,0
284,284,1
284,284,1
284,284,1
284,284,1
284,284,1
284,284,1
284,284,1
284,284,1
284,284,1
284,284,1
284,284,1
284,284,1
284,284,1
284,284,1
284,284,1
284,277,0
284,277,0
284,284,1
284,284,1
284,284,1
284,284,1
284,284,1
284,284,1
284,284,1
284,284,1
284,284,1
284,284,1
284,284,1
284,284,1
284,284,1
284,284,1
284,284,1
284,284,1
284,284,1
284,284,1
284,284,1
284,284,1
284,284,1
284,284,1
284,284,1
284,277,0
284,284,1
284,284,1
284,284,1
284,284,1
284,284,1
284,284,1
284,284,1
284,284,1
284,284,1
284,284,1
284,284,1
284,284,1
284,284,1
284,284,1
284,284,1
284,284,1
284,284,1
284,284,1
284,284,1
284,284,1
284,284,1
284,284,1
284,284,1
284,284,1
284,284,1
284,277,0
284,284,1
284,284,1
284,284,1
284,284,1
284,284,1
284,284,1
284,284,1
284,284,1
284,277,0
284,284,1
284,284,1
284,277,0
284,284,1
284,284,1
284,284,1
284,284,1
284,284,1
284,284,1
284,284,1
284,284,1
284,284,1
284,277,0
284,277,0
284,277,0
284,284,1
284,284,1
284,284,1
284,284,1
284,284,1
284,277,0
284,284,1
284,284,1
284,284,1
284,284,1
284,284,1
284,284,1
284,284,1
284,284,1
284,284,1
284,284,1
284,284,1
284,277,0
284,284,1
284,284,1
284,284,1
284,284,1
284,277,0
284,284,1
284,284,1
284,284,1
284,284,1
284,284,1
284,284,1
284,284,1
284,284,1
284,284,1
284,284,1
284,284,1
284,284,1
284,284,1
284,284,1
284,284,1
284,284,1
284,284,1
284,284,1
284,284,1
284,284,1
284,284,1
284,284,1
284,284,1
284,284,1
284,284,1
284,284,1
284,284,1
284,284,1
284,284,1
284,284,1
284,284,1
284,284,1
284,284,1
284,284,1
284,284,1
284,284,1
284,284,1
284,284,1
284,284,1
284,284,1
284,277,0
284,284,1
284,284,1
284,284,1
284,284,1
284,284,1
284,284,1
284,284,1
284,284,1
284,284,1
284,284,1
284,284,1
284,284,1
284,284,1
284,277,0
284,284,1
284,284,1
284,277,0
284,284,1
284,284,1
284,284,1
284,277,0
284,284,1
284,284,1
284,284,1
284,284,1
284,284,1
284,277,0
284,284,1
284,284,1
284,284,1
284,284,1
284,284,1
284,284,1
284,284,1
284,284,1
284,284,1
284,284,1
284,284,1
284,284,1
284,284,1
284,277,0
284,284,1
284,284,1
284,284,1
284,284,1
284,284,1
284,284,1
284,284,1
284,277,0
284,284,1
284,284,1
284,284,1
284,284,1
284,284,1
284,284,1
284,284,1
284,284,1
284,284,1
284,284,1
284,284,1
284,284,1
284,284,1
284,284,1
284,284,1
284,277,0
284,284,1
284,284,1
284,284,1
284,284,1
284,284,1
284,284,1
284,284,1
284,284,1
284,284,1
284,277,0
284,284,1
284,284,1
284,284,1
284,284,1
284,284,1
284,284,1
284,284,1
284,277,0
284,284,1
284,284,1
284,284,1
284,284,1
284,284,1
284,284,1
284,284,1
284,284,1
284,284,1
284,284,1
284,277,0
284,284,1
284,284,1
284,277,0
284,284,1
284,284,1
284,284,1
284,284,1
284,284,1
284,284,1
284,284,1
284,284,1
284,284,1
284,284,1
284,284,1
284,284,1
284,284,1
284,284,1
284,284,1
284,284,1
284,284,1
284,284,1
284,284,1
284,284,1
284,284,1
284,284,1
284,284,1
284,284,1
284,284,1
284,284,1
284,284,1
284,284,1
284,284,1
284,284,1
284,284,1
284,284,1
284,284,1
284,284,1
284,277,0
284,284,1
284,284,1
284,284,1
284,284,1
284,284,1
284,284,1
284,284,1
284,284,1
284,284,1
284,284,1
284,284,1
284,284,1
284,284,1
284,284,1
284,284,1
284,284,1
284,284,1
284,284,1
284,277,0
284,284,1
284,284,1
284,284,1
284,284,1
284,277,0
284,284,1
284,284,1
284,284,1
284,284,1
284,277,0
284,284,1
284,284,1
284,284,1
284,284,1
284,284,1
284,284,1
284,284,1
284,284,1
284,284,1
284,284,1
284,284,1
284,284,1
284,284,1
284,277,0
284,284,1
284,284,1
284,284,1
284,284,1
284,284,1
284,284,1
284,284,1
284,284,1
284,277,0
284,284,1
284,284,1
284,284,1
284,284,1
284,284,1
284,284,1
284,284,1
284,284,1
284,284,1
284,284,1
284,284,1
284,277,0
284,284,1
284,277,0
284,284,1
284,284,1
284,277,0
284,284,1
284,284,1
284,284,1
284,284,1
284,284,1
284,284,1
284,277,0
284,284,1
284,284,1
284,284,1
284,284,1
284,284,1
284,284,1
284,284,1
284,284,1
284,284,1
284,284,1
284,284,1
284,284,1
284,284,1
284,284,1
284,284,1
284,284,1
284,284,1
284,284,1
284,284,1
284,284,1
284,284,1
284,284,1
284,284,1
284,277,0
284,284,1
284,284,1
284,284,1
284,284,1
284,284,1
284,284,1
284,284,1
284,284,1
284,284,1
284,284,1
284,284,1
284,284,1
284,284,1
284,284,1
284,284,1
284,284,1
284,284,1
284,284,1
284,284,1
284,284,1
284,284,1
284,284,1
284,284,1
284,284,1
284,284,1
284,284,1
284,284,1
284,284,1
284,277,0
284,284,1
284,284,1
284,277,0
284,284,1
284,284,1
284,284,1
284,284,1
284,277,0
284,284,1
284,284,1
284,284,1
284,284,1
284,284,1
284,284,1
284,284,1
284,284,1
284,284,1
284,284,1
284,284,1
284,284,1
284,284,1
284,284,1
284,284,1
284,284,1
284,284,1
284,284,1
284,284,1
284,277,0
284,284,1
284,284,1
284,284,1
284,284,1
284,284,1
284,284,1
284,284,1
284,284,1
284,284,1
284,284,1
284,284,1
284,284,1
284,284,1
284,284,1
284,284,1
284,284,1
284,284,1
284,284,1
284,284,1
284,284,1
284,284,1
284,277,0
284,284,1
284,284,1
284,284,1
284,284,1
284,284,1
284,284,1
284,284,1
284,284,1
284,284,1
284,284,1
284,284,1
284,284,1
284,284,1
284,284,1
284,284,1
284,284,1
284,284,1
284,284,1
284,284,1
284,284,1
284,284,1
284,284,1
284,284,1
284,284,1
284,284,1
284,277,0
284,284,1
284,284,1
284,284,1
284,284,1
284,284,1
284,284,1
284,284,1
284,284,1
284,284,1
284,284,1
284,284,1
284,284,1
284,284,1
284,284,1
284,284,1
284,284,1
284,284,1
284,284,1
284,284,1
284,284,1
284,284,1
284,284,1
284,284,1
284,284,1
284,284,1
284,284,1
284,284,1
284,284,1
284,284,1
284,284,1
284,284,1
284,277,0
284,284,1
284,284,1
284,284,1
284,284,1
284,284,1
284,284,1
284,284,1
284,284,1
284,284,1
284,284,1
284,284,1
284,284,1
284,284,1
284,284,1
284,277,0
284,284,1
284,284,1
284,284,1
284,277,0
284,284,1
284,284,1
284,284,1
284,284,1
284,284,1
284,284,1
284,284,1
284,277,0
284,284,1
284,284,1
284,284,1
284,284,1
284,284,1
284,284,1
284,284,1
284,284,1
284,277,0
284,284,1
284,284,1
284,284,1
284,284,1
284,284,1
284,284,1
284,284,1
284,284,1
284,284,1
284,284,1
284,277,0
284,284,1
284,284,1
284,284,1
284,284,1
284,284,1
284,284,1
284,284,1
284,284,1
284,284,1
284,284,1
284,284,1
284,284,1
284,284,1
284,284,1
284,284,1
284,284,1
284,284,1
284,277,0
284,284,1
284,284,1
284,284,1
284,284,1
284,284,1
284,284,1
284,284,1
284,284,1
284,284,1
284,284,1
284,284,1
284,277,0
284,284,1
284,284,1
284,284,1
284,284,1
284,284,1
284,284,1
284,284,1
284,284,1
284,284,1
284,284,1
284,284,1
284,284,1
284,277,0
284,284,1
284,284,1
284,284,1
284,284,1
284,284,1
284,284,1
284,284,1
284,284,1
284,284,1
284,284,1
284,284,1
284,284,1
284,284,1
284,284,1
284,284,1
284,284,1
284,284,1
284,284,1
284,284,1
284,284,1
284,284,1
284,284,1
284,284,1
284,284,1
284,284,1
284,284,1
284,284,1
284,284,1
284,284,1
284,284,1
284,284,1
284,284,1
284,284,1
284,284,1
284,284,1
284,284,1
284,284,1
284,284,1
284,284,1
284,284,1
284,284,1
284,284,1
284,284,1
284,284,1
284,284,1
284,277,0
284,284,1
284,284,1
284,284,1
284,284,1
284,284,1
284,284,1
284,284,1
284,284,1
284,284,1
284,284,1
284,284,1
284,284,1
284,284,1
284,284,1
284,284,1
284,284,1
284,284,1
284,277,0
284,284,1
284,284,1
284,284,1
284,284,1
284,284,1
284,284,1
284,284,1
284,284,1
284,284,1
284,284,1
284,284,1
284,284,1
284,284,1
284,284,1
284,284,1
284,284,1
284,277,0
284,284,1
284,284,1
284,284,1
284,284,1
284,284,1
284,284,1
284,284,1
284,284,1
284,284,1
284,284,1
284,284,1
284,284,1
284,284,1
284,284,1
284,284,1
284,284,1
284,284,1
284,284,1
284,277,0
284,284,1
284,284,1
284,284,1
284,284,1
284,284,1
284,284,1
284,284,1
284,277,0
284,284,1
284,277,0
284,284,1
284,284,1
284,284,1
284,284,1
284,284,1
284,284,1
284,284,1
284,284,1
284,284,1
284,284,1
284,284,1
284,284,1
284,284,1
284,284,1
284,284,1
284,284,1
284,284,1
284,284,1
284,284,1
284,284,1
284,284,1
284,284,1
284,284,1
284,284,1
284,284,1
284,284,1
284,284,1
284,284,1
284,284,1
284,284,1
284,284,1
284,284,1
284,284,1
284,284,1
284,284,1
284,284,1
284,284,1
284,284,1
284,277,0
284,284,1
284,284,1
284,284,1
284,284,1
284,284,1
284,284,1
284,277,0
284,284,1
284,284,1
284,284,1
284,284,1
284,284,1
284,284,1
284,277,0
284,284,1
284,284,1
284,284,1
284,284,1
284,284,1
284,284,1
284,284,1
284,284,1
284,284,1
284,284,1
284,284,1
284,284,1
284,284,1
284,284,1
284,284,1
284,277,0
284,284,1
284,284,1
284,284,1
284,284,1
284,284,1
284,284,1
284,284,1
284,284,1
284,277,0
284,284,1
284,284,1
284,284,1
284,284,1
284,284,1
284,284,1
284,284,1
284,284,1
284,284,1
284,284,1
284,284,1
284,284,1
284,284,1
284,284,1
284,284,1
284,284,1
284,284,1
284,284,1
284,284,1
284,284,1
284,284,1
284,284,1
284,284,1
284,284,1
284,284,1
284,277,0
284,284,1
284,284,1
284,284,1
284,284,1
284,284,1
284,277,0
284,284,1
284,284,1
284,284,1
284,284,1
284,284,1
